,Chla,PC,APC,B-car,Zea,Ech,Myx,HEch,P698,P702,P680,P686,Pheo
396,0.016879510063153202,0.000181564,0.000218907,0.02353610712742975,0.021008739919115147,0.014438829,0.006965336,0.008071255999999999,0.0118491764106754,0.010891017619727217,0.016879510063153202,0.014723652783519864,0.023440426965903587
397,0.01711904976089024,0.000181041,0.000218907,0.024542593017730773,0.021907146787638877,0.014920051,0.007144698,0.008432304000000002,0.012088716108412445,0.011130557317464262,0.01711904976089024,0.014963192481256882,0.02365550227169566
398,0.01735858945862728,0.000180518,0.000216287,0.025614608660577437,0.02286404665675704,0.015401274,0.007324059,0.008793351999999997,0.01232825580614949,0.011370097015201308,0.01735858945862728,0.015202732178993927,0.023870577577487735
399,0.017598129156364318,0.000179995,0.000213666,0.026649795103786296,0.023788072139621325,0.015882497,0.00750342,0.009154400000000007,0.012567795503886536,0.011609636712938354,0.017598129156364318,0.01544227187673096,0.02408565288327981
400,0.017837668854101357,0.000179472,0.000211046,0.02761762028130489,0.024651969781298997,0.016363719,0.007682781,0.009515448000000003,0.012807335201623526,0.0118491764106754,0.017837668854101357,0.015681811574468005,0.024300728189071884
401,0.018077208551838395,0.000178949,0.000208426,0.02845947213916948,0.025403421439661348,0.016844942,0.007862143,0.009876495999999998,0.013046874899360572,0.012088716108412445,0.018077208551838395,0.01592135127220505,0.024515803494863958
402,0.018316748249575434,0.000178426,0.000205805,0.02919475505455292,0.02605974780037274,0.017326164,0.008041504,0.010237544000000001,0.013286414597097618,0.01232825580614949,0.018316748249575434,0.016160890969942082,0.024730878800656032
403,0.018556287947312504,0.000177699,0.000203185,0.029829439633166425,0.02662627833027607,0.017772315,0.008292715,0.010598592,0.013525954294834663,0.012567795503886536,0.018556287947312504,0.01640043066767912,0.024945954106448107
404,0.01873645875513897,0.000176972,0.000201634,0.030388098594429418,0.027124947067510823,0.018218466,0.008543925,0.01095964,0.013765493992571681,0.012807335201623526,0.01873645875513897,0.016639970365416163,0.02516102941224018
405,0.018986871478817596,0.000175874,0.000200082,0.03091332932323601,0.027593777181143555,0.018843364,0.008911022,0.011320688,0.014005033690308727,0.013046874899360572,0.018986871478817596,0.016879510063153202,0.025376104718032255
406,0.019216806526494556,0.000174776,0.000198531,0.03144062809149405,0.028064453262877237,0.019468262,0.00927812,0.011681736,0.014244573388045773,0.013286414597097618,0.019216806526494556,0.01711904976089024,0.02559118002382433
407,0.019467219250173255,0.000173872,0.00019698,0.03195777221045723,0.028526065127455112,0.020029995,0.009645217,0.012042784,0.014484113085782818,0.013525954294834663,0.019467219250173255,0.01735858945862728,0.025806255329616404
408,0.019753321637740687,0.000172967,0.000195394,0.03245608743917131,0.02897086999603882,0.020591727,0.010012314,0.012403831,0.014723652783519864,0.013765493992571681,0.019753321637740687,0.017598129156364318,0.0260214810882753
409,0.020003734361419417,0.000172249,0.000193809,0.0329333669940447,0.02939689805508688,0.021145128,0.010312178,0.012764879,0.014963192481256882,0.014005033690308727,0.020003734361419417,0.017837668854101357,0.026253192897866807
410,0.020310314424988627,0.00017153,0.0001926,0.033417064093496984,0.02982865452641006,0.021698529,0.010612043,0.013107443,0.015202732178993927,0.014244573388045773,0.020310314424988627,0.018077208551838395,0.02648490470745832
411,0.0205402494726655,0.000170567,0.000191391,0.03390794288137584,0.030266821498140847,0.022219135,0.010905548,0.013450007,0.01544227187673096,0.014484113085782818,0.0205402494726655,0.018316748249575434,0.026847329091314494
412,0.02086730721223653,0.000169604,0.000191391,0.034398821669254676,0.030704988469871623,0.02273974,0.011199052,0.013925248,0.015681811574468005,0.014723652783519864,0.02086730721223653,0.018556287947312504,0.027300068698647185
413,0.021194364951807508,0.000168743,0.000191391,0.03490042694145166,0.031152730088678325,0.02334608,0.011492557,0.014400489,0.01592135127220505,0.014963192481256882,0.021194364951807508,0.01873645875513897,0.027681133736958616
414,0.021444777675486245,0.000167882,0.000191391,0.035430801911280355,0.03162615204161266,0.023952421,0.011786062,0.014832825,0.016160890969942082,0.015202732178993927,0.021444777675486245,0.018986871478817596,0.028058261367413267
415,0.021807525078945945,0.000166767,0.000191391,0.03598522329315359,0.03212103824153978,0.024516048,0.012154933,0.015265161,0.01640043066767912,0.01544227187673096,0.021807525078945945,0.019216806526494556,0.02840981431031105
416,0.022149794806403958,0.000165652,0.000191391,0.03655994628652409,0.032634046014145664,0.025079674,0.012523804,0.015631299,0.016639970365416163,0.015681811574468005,0.022149794806403958,0.019467219250173255,0.028760859024738863
417,0.022415419517969756,0.000164381,0.000191391,0.03715342862282081,0.03316379870359173,0.025637087,0.012908423,0.015997436,0.016879510063153202,0.01592135127220505,0.022415419517969756,0.019753321637740687,0.028891540897785974
418,0.022681044229535433,0.000163109,0.000191391,0.03775420894879056,0.03370006570596741,0.0261945,0.013293042,0.016435207,0.01711904976089024,0.016160890969942082,0.022681044229535433,0.020003734361419417,0.02902222277083307
419,0.02289050160121054,0.000161209,0.000191391,0.03832744415102311,0.03421174545024211,0.026831742,0.013677661,0.016872977,0.01735858945862728,0.01640043066767912,0.02289050160121054,0.020310314424988627,0.028939235530395683
420,0.023064269308996962,0.00015931,0.000191391,0.038848071003227846,0.034676466063283916,0.027468984,0.01406228,0.017351097,0.017598129156364318,0.016639970365416163,0.023064269308996962,0.0205402494726655,0.028702479148029265
421,0.023217559340781593,0.00015717,0.000191391,0.03933145472227527,0.035107942805789334,0.028198175,0.014459879,0.017829217,0.017837668854101357,0.016879510063153202,0.023217559340781593,0.02086730721223653,0.028262551549254358
422,0.023370849372566196,0.000155029,0.000188516,0.039758481390677,0.03548911426147679,0.028927366,0.014857477,0.018261942,0.018077208551838395,0.01711904976089024,0.023370849372566196,0.021194364951807508,0.0276576051356517
423,0.023580306744241303,0.000152055,0.000185642,0.040129963004730235,0.03582070523241021,0.029564384,0.015347228,0.018694667,0.018316748249575434,0.01735858945862728,0.023580306744241303,0.021444777675486245,0.02609398141124872
424,0.023733596776025986,0.00014908,0.000182664,0.040457799271843384,0.036113337605068255,0.030201402,0.01583698,0.019099769,0.018556287947312504,0.017598129156364318,0.023733596776025986,0.021807525078945945,0.02526358104260531
425,0.02386640913180884,0.000146159,0.000179687,0.040770985204665613,0.03639289283369481,0.0308263,0.016337307,0.01950487,0.01873645875513897,0.017837668854101357,0.02386640913180884,0.022149794806403958,0.024052724253113174
426,0.024019699163593443,0.000143239,0.000170493,0.04105659546647177,0.03664783353718621,0.031451198,0.016837634,0.01986682,0.018986871478817596,0.018077208551838395,0.024019699163593443,0.022415419517969756,0.02296546613355374
427,0.024172989195378042,0.000140318,0.000161298,0.041335286243321286,0.036896597787662626,0.032076096,0.017366323,0.020228769,0.019216806526494556,0.018316748249575434,0.024172989195378042,0.022681044229535433,0.021433530959436134
428,0.024270111887272145,0.000137398,0.000147004,0.041617776384516136,0.03714875341705132,0.032700994,0.017895012,0.020635595,0.019467219250173255,0.018556287947312504,0.024270111887272145,0.02289050160121054,0.019802967592409806
429,0.024423401919056748,0.000134997,0.00013271,0.04191300683753985,0.03741228127109262,0.033325892,0.018395589,0.02104242,0.019753321637740687,0.01873645875513897,0.024423401919056748,0.023064269308996962,0.018354949508598433
430,0.02457669195084135,0.000132596,0.000124491,0.042217045816033874,0.03768367176867453,0.03395079,0.018896166,0.021702604,0.020003734361419417,0.018986871478817596,0.02457669195084135,0.023217559340781593,0.01722955108512
431,0.024750459658627724,0.000131163,0.000116272,0.04253334826299891,0.037966008852207085,0.034575689,0.019357882,0.022362789,0.020310314424988627,0.019216806526494556,0.024750459658627724,0.023370849372566196,0.015482014073432174
432,0.024903749690412327,0.00012973,0.000112341,0.04286511218347657,0.03826214711679452,0.035200587,0.019819598,0.023049353,0.0205402494726655,0.019467219250173255,0.024903749690412327,0.023580306744241303,0.013585611733915792
433,0.025097995074200453,0.000127514,0.00010841,0.04320752526808816,0.03856779101111225,0.035726874,0.020284465,0.023735918,0.02086730721223653,0.019753321637740687,0.025097995074200453,0.023733596776025986,0.011520865413566818
434,0.02532793012187741,0.000125298,0.000107662,0.043537198040870896,0.038862062680777375,0.036253161,0.020749332,0.024386502,0.021194364951807508,0.020003734361419417,0.02532793012187741,0.02386640913180884,0.010623651222158708
435,0.025501697829663782,0.000123517,0.000106915,0.04385413050182478,0.039144962125789905,0.036966901,0.021219748,0.025037086,0.021444777675486245,0.020310314424988627,0.025501697829663782,0.024019699163593443,0.009202183792282657
436,0.02578780021723122,0.000121735,0.000105206,0.04415242782780371,0.039411227524146934,0.037680642,0.021690165,0.025645297,0.021807525078945945,0.0205402494726655,0.02578780021723122,0.024172989195378042,0.007947111785007932
437,0.025997257588906395,0.000120232,0.000103498,0.044432740680533024,0.03966143966785834,0.038201247,0.022183889,0.026253508,0.022149794806403958,0.02086730721223653,0.025997257588906395,0.024270111887272145,0.006878451401230461
438,0.026145281932576314,0.000118729,0.000101171,0.044697664964798246,0.039897915706833334,0.038721852,0.022677612,0.026888897,0.022415419517969756,0.021194364951807508,0.026145281932576314,0.024423401919056748,0.005893426845775031
439,0.0262523509242426,0.000117282,9.8844e-05,0.04496825310185585,0.04013944739964314,0.03915286,0.023210495,0.027524287,0.022681044229535433,0.021444777675486245,0.0262523509242426,0.02457669195084135,0.005062465426472704
440,0.026303252576018395,0.000115835,9.6517e-05,0.0452426781492942,0.040384403985611605,0.039583867,0.023743377,0.028154752,0.02289050160121054,0.021807525078945945,0.026303252576018395,0.024750459658627724,0.00457952746222253
441,0.02612421918011733,0.000113685,9.41899e-05,0.04551710319673254,0.04062936057158006,0.040065314,0.02429166,0.028785216,0.023064269308996962,0.022149794806403958,0.02612421918011733,0.024903749690412327,0.004096589497972357
442,0.02576599282036875,0.000111535,9.2535e-05,0.04578767957740394,0.040870881770434395,0.040546761,0.024839943,0.029457112,0.023217559340781593,0.022415419517969756,0.02576599282036875,0.025097995074200453,0.0036242203970293773
443,0.025293569288178004,0.000108921,9.08801e-05,0.046056914043520004,0.04111120515294067,0.041067366,0.025404575,0.030129007,0.023370849372566196,0.022681044229535433,0.025293569288178004,0.02532793012187741,0.003161428096718126
444,0.02446487278696453,0.000106306,8.85004e-05,0.04633322496867253,0.041357845106264744,0.041587971,0.025969206,0.030776449,0.023580306744241303,0.02289050160121054,0.02446487278696453,0.025501697829663782,0.002698635796406875
445,0.023452793277595422,0.000103639,8.61207e-05,0.04661843929527316,0.041612432391082754,0.042124783,0.026597881,0.031423891,0.023733596776025986,0.023064269308996962,0.023452793277595422,0.02578780021723122,0.002434423535337745
446,0.02206848413122901,0.000100971,8.30559e-05,0.04691639393370265,0.041878391900553376,0.042661595,0.027226555,0.031987318,0.02386640913180884,0.023217559340781593,0.02206848413122901,0.025997257588906395,0.0021730015172781426
447,0.020169146095213742,9.88209e-05,7.99912e-05,0.047227088883960995,0.042155723634676595,0.043286493,0.027783046,0.032550744,0.024019699163593443,0.023370849372566196,0.020169146095213742,0.026145281932576314,0.0019115794992185392
448,0.018267559605068703,9.6671e-05,7.76641e-05,0.04754620220781115,0.04244056975596566,0.043911391,0.028339538,0.03297749,0.024172989195378042,0.023580306744241303,0.018267559605068703,0.0262523509242426,0.0016501574811589369
449,0.016204136021793894,9.44461e-05,7.53371e-05,0.04786437375341632,0.04272457522955953,0.044440254,0.028882926,0.033404236,0.024270111887272145,0.023733596776025986,0.016204136021793894,0.026303252576018395,0.0015109912287585572
450,0.014245232064320611,9.22212e-05,7.42589e-05,0.04817999820329545,0.04300630712106238,0.044969116,0.029426314,0.033782804,0.024423401919056748,0.02386640913180884,0.014245232064320611,0.02612421918011733,0.0013755001631179913
451,0.012280163357267178,8.95521e-05,7.31808e-05,0.048483645484369946,0.043277347982692636,0.04541815,0.029994405,0.034161372,0.02457669195084135,0.024019699163593443,0.012280163357267178,0.02576599282036875,0.0012400090974774255
452,0.010368805570786264,8.68829e-05,7.20682e-05,0.04876605219494838,0.04352942914045728,0.045867183,0.030562496,0.03453994,0.024750459658627724,0.024172989195378042,0.010368805570786264,0.025293569288178004,0.0011045180318368592
453,0.00884918993161196,8.41265e-05,7.09557e-05,0.04902403055402187,0.043759705125402074,0.046236388,0.031132386,0.034918508,0.024903749690412327,0.024270111887272145,0.00884918993161196,0.02446487278696453,0.001055635593715358
454,0.007404794590034353,8.13702e-05,6.93493e-05,0.04924980071931624,0.04396123151455745,0.046605592,0.031702276,0.03549274,0.025097995074200453,0.024423401919056748,0.007404794590034353,0.023452793277595422,0.0010070318361484218
455,0.006107720487526,7.92203e-05,6.7743e-05,0.04944290209972083,0.04111324227009566,0.046985545,0.032269955,0.036066973,0.02532793012187741,0.02457669195084135,0.006107720487526,0.02206848413122901,0.0009584280785814853
456,0.005172118144862478,7.70703e-05,6.53264e-05,0.049609723416258814,0.041787822068833906,0.047365499,0.032837634,0.036587217,0.025501697829663782,0.024750459658627724,0.005172118144862478,0.020169146095213742,0.0009098243210145489
457,0.004447760266308302,7.68464e-05,6.29098e-05,0.047507080873114255,0.042405649369961045,0.04780272,0.033392841,0.03710746,0.02578780021723122,0.024903749690412327,0.004447760266308302,0.018267559605068703,0.0008725574158883278
458,0.0037557132068915316,7.66225e-05,6.04933e-05,0.04812818507021785,0.04296005781435553,0.048239941,0.033948048,0.037573607,0.025997257588906395,0.025097995074200453,0.0037557132068915316,0.016204136021793894,0.0008356611998491387
459,0.003278661368960404,7.62462e-05,5.80767e-05,0.04867282186050478,0.04344621011709487,0.048513866,0.034459604,0.038039754,0.026145281932576314,0.02532793012187741,0.003278661368960404,0.014245232064320611,0.0007987649838099495
460,0.0028325950150877113,7.58699e-05,5.66837e-05,0.04911227880549499,0.04383847705456936,0.048787791,0.034971161,0.038745613,0.0262523509242426,0.025501697829663782,0.0028325950150877113,0.012280163357267178,0.0007618687677707605
461,0.002475153698650133,7.49321e-05,5.52907e-05,0.049446555905188504,0.044136858626779,0.048981886,0.035482717,0.039451472,0.026303252576018395,0.02578780021723122,0.002475153698650133,0.010368805570786264,0.0007614368693763391
462,0.002180125772961983,7.39942e-05,5.53316e-05,0.049724802267577944,0.04438522618515347,0.049175982,0.035994274,0.040145513,0.02612421918011733,0.025997257588906395,0.002180125772961983,0.00884918993161196,0.0007614368693763391
463,0.0019330114459085472,7.18443e-05,5.53726e-05,0.049907667886348546,0.04454845522741179,0.049279416,0.036461646,0.040839554,0.02576599282036875,0.026145281932576314,0.0019330114459085472,0.007404794590034353,0.0007614368693763391
464,0.001703553358475723,6.96944e-05,5.61483e-05,0.04998104291518384,0.044613951058519806,0.049382851,0.036929017,0.041801007,0.025293569288178004,0.0262523509242426,0.001703553358475723,0.006107720487526,0.0007614287836006031
465,0.00154290863807496,6.80628e-05,5.69239e-05,0.04999258902675303,0.04462425731918223,0.049486285,0.037381902,0.042762459,0.02446487278696453,0.026303252576018395,0.00154290863807496,0.005172118144862478,0.0007600796592849937
466,0.001387294596800151,6.64312e-05,5.71706e-05,0.0499396325848257,0.04457698747504576,0.049589719,0.037834787,0.043549694,0.023452793277595422,0.02612421918011733,0.001387294596800151,0.004447760266308302,0.0007587305349693844
467,0.001280109098484732,6.56328e-05,5.74172e-05,0.049779204435698596,0.04443378650971754,0.049624157,0.038216177,0.044336929,0.02206848413122901,0.02576599282036875,0.001280109098484732,0.0037557132068915316,0.0007573814106537751
468,0.001181659844381679,6.48344e-05,5.69343e-05,0.04955192022795237,0.044230908659850104,0.049658595,0.038597567,0.045030328,0.020169146095213742,0.025293569288178004,0.001181659844381679,0.003278661368960404,0.0007560322863381658
469,0.0011022450551221373,6.47679e-05,5.64514e-05,0.04927899323027249,0.04398728925923651,0.049613203,0.038798664,0.045723727,0.018267559605068703,0.02446487278696453,0.0011022450551221373,0.0028325950150877113,0.0007560322863381658
470,0.0010263894777137405,6.47014e-05,5.49e-05,0.04892523938890126,0.04367152240754274,0.049567812,0.038999762,0.046319194,0.016204136021793894,0.023452793277595422,0.0010263894777137405,0.002475153698650133,0.0007560322863381658
471,0.0009567228741068705,6.39847e-05,5.33486e-05,0.04849195557274818,0.043284765712587304,0.049442592,0.03917471,0.04691466,0.014245232064320611,0.02206848413122901,0.0009567228741068705,0.002180125772961983,0.0007560322863381658
472,0.000902123393026718,6.32681e-05,5.02259e-05,0.04801579323048374,0.04285973489700898,0.049317371,0.039349658,0.047287577,0.012280163357267178,0.020169146095213742,0.000902123393026718,0.0019330114459085472,0.0007560322863381658
473,0.0008572861785229013,6.43017e-05,4.71032e-05,0.04748908921989229,0.042389589706346806,0.049167911,0.039576514,0.047660495,0.010368805570786264,0.018267559605068703,0.0008572861785229013,0.001703553358475723,0.0007535840036232067
474,0.0008129811937900768,6.53353e-05,4.48808e-05,0.04691497331792465,0.041877123834120664,0.049018451,0.03980337,0.047948641,0.00884918993161196,0.016204136021793894,0.0008129811937900768,0.00154290863807496,0.0008193816178866243
475,0.0007709138168351022,6.70426e-05,4.26584e-05,0.04635426967412771,0.04137662997757708,0.04887778,0.040613046,0.048236788,0.007404794590034353,0.014245232064320611,0.0007709138168351022,0.001387294596800151,0.0008465602016088525
476,0.0007325134010847464,6.87499e-05,4.15316e-05,0.0458083550558224,0.04088933706325087,0.048737109,0.041422722,0.048446703,0.006107720487526,0.012280163357267178,0.0007325134010847464,0.001280109098484732,0.0008736646845753673
477,0.0006955729586359175,7.04572e-05,4.04047e-05,0.045290729358991345,0.04042729533386476,0.048527665,0.042460999,0.048656619,0.005172118144862478,0.010368805570786264,0.0006955729586359175,0.001181659844381679,0.0009007691675418818
478,0.0006598608171024071,7.21645e-05,4.04047e-05,0.044820330993362884,0.04000740954441116,0.048318221,0.043499275,0.048731202,0.004447760266308302,0.00884918993161196,0.0006598608171024071,0.0011022450551221373,0.0009277795133457564
479,0.0006342078457466041,7.36045e-05,4.04047e-05,0.04441674760549551,0.039647163970006054,0.048108777,0.044684114,0.048805786,0.0037557132068915316,0.007404794590034353,0.0006342078457466041,0.0010263894777137405,0.0009387355032794883
480,0.0006087610051007248,7.50445e-05,4.11259e-05,0.04407111741126017,0.03933864842750069,0.047899333,0.045868953,0.04874227,0.003278661368960404,0.006107720487526,0.0006087610051007248,0.0009567228741068705,0.0009496914932132197
481,0.0005812557239792343,7.57612e-05,4.18472e-05,0.04380219415044828,0.03909860283227934,0.047689889,0.046794977,0.048678755,0.0028325950150877113,0.005172118144862478,0.0005812557239792343,0.000902123393026718,0.0009606474831469516
482,0.0005604470689040628,7.64778e-05,4.26229e-05,0.04358854860498158,0.038907899090352686,0.047480445,0.047721,0.048526461,0.002475153698650133,0.004447760266308302,0.0005604470689040628,0.0008572861785229013,0.0009716034730806835
483,0.0005407869168937767,7.98955e-05,4.33986e-05,0.04342900926638229,0.03876549149281104,0.047142245,0.048416257,0.048374168,0.002180125772961983,0.0037557132068915316,0.0005407869168937767,0.0008129811937900768,0.0009670919170183234
484,0.0005126529966676155,8.33132e-05,4.43315e-05,0.04332237462966144,0.038670307555335376,0.046804045,0.049111513,0.04820293,0.0019330114459085472,0.003278661368960404,0.0005126529966676155,0.0007709138168351022,0.0009621611387500927
485,0.000502455867164575,8.61724e-05,4.52645e-05,0.0432518663831589,0.03860737066416197,0.046594601,0.049418257,0.048031693,0.001703553358475723,0.0028325950150877113,0.000502455867164575,0.0007325134010847464,0.0009572303604818616
486,0.0004938610938142061,8.90315e-05,4.68755e-05,0.043198730787083264,0.03855994090390654,0.046385157,0.049725,0.047898195,0.00154290863807496,0.002475153698650133,0.0004938610938142061,0.0006955729586359175,0.0009522995822136306
487,0.0004862593732225383,9.06857e-05,4.84866e-05,0.043193012592521556,0.038554836743660184,0.046011968,0.049552809,0.047764698,0.001387294596800151,0.002180125772961983,0.0004862593732225383,0.0006598608171024071,0.0009461462796716199
488,0.00047744275535781917,9.234e-05,5.00458e-05,0.04321918060153282,0.03857819476512661,0.04563878,0.049380617,0.04766401,0.001280109098484732,0.0019330114459085472,0.00047744275535781917,0.0006342078457466041,0.0009399826774141418
489,0.00046932048886714594,9.234e-05,5.16051e-05,0.043245348610544077,0.03860155278659303,0.045335568,0.048922881,0.047563322,0.001181659844381679,0.001703553358475723,0.00046932048886714594,0.0006087610051007248,0.0009338190751566637
490,0.0004639231275363252,9.234e-05,5.23846e-05,0.043264732320922775,0.038618855024716306,0.045032356,0.048465146,0.047592339,0.0011022450551221373,0.00154290863807496,0.0004639231275363252,0.0005812557239792343,0.0009276086467637889
491,0.00045854566198262685,9.234e-05,5.31641e-05,0.04325906258563701,0.03861379412006525,0.044757022,0.047950301,0.047621356,0.0010263894777137405,0.001387294596800151,0.00045854566198262685,0.0005604470689040628,0.0009166485659756465
492,0.0004550727030548827,9.234e-05,5.31641e-05,0.04320284982553877,0.03856361762950776,0.044481688,0.047435456,0.047712872,0.0009567228741068705,0.001280109098484732,0.0004550727030548827,0.0005407869168937767,0.0009056884851875037
493,0.0004524421392180836,9.27109e-05,5.31641e-05,0.04307869716056316,0.03845279679432819,0.044355097,0.046686985,0.047804388,0.000902123393026718,0.001181659844381679,0.0004524421392180836,0.0005126529966676155,0.0008947284043993611
494,0.00045013254368662806,9.30818e-05,5.31641e-05,0.0428728421563413,0.03826904702545901,0.044228505,0.045938513,0.047967847,0.0008572861785229013,0.0011022450551221373,0.00045013254368662806,0.000502455867164575,0.0008837683236112187
495,0.0004486885079992103,9.41302e-05,5.31641e-05,0.04257264663370633,0.037880251566485,0.044034064,0.045158892,0.048131306,0.0008129811937900768,0.0010263894777137405,0.0004486885079992103,0.0004938610938142061,0.0008883653780168352
496,0.00045286067938931295,9.51786e-05,5.37505e-05,0.042178578652252975,0.03720055399458643,0.043839623,0.04437927,0.048411256,0.0007709138168351022,0.0009567228741068705,0.00045286067938931295,0.0004862593732225383,0.0008932953281395737
497,0.00046018565438931303,9.81554e-05,5.4337e-05,0.040728172989668326,0.03635467790352945,0.043217052,0.04363599,0.048691206,0.0007325134010847464,0.000902123393026718,0.00046018565438931303,0.00047744275535781917,0.0008982252782623117
498,0.00046802194332061075,0.000101132,5.54115e-05,0.03962364471453589,0.03536875669149848,0.042594482,0.04289271,0.048914957,0.0006955729586359175,0.0008572861785229013,0.00046802194332061075,0.00046932048886714594,0.0009031552283850504
499,0.00047266422480916036,0.00010898,5.6486e-05,0.038409513395307814,0.034285001889771405,0.041779079,0.042515945,0.049138707,0.0006598608171024071,0.0008129811937900768,0.00047266422480916036,0.0004639231275363252,0.0009698225528999213
500,0.0004708920259541984,0.000116828,5.80374e-05,0.03711738916306489,0.03313162925293712,0.040963677,0.04213918,0.049329694,0.0006342078457466041,0.0007709138168351022,0.0004708920259541984,0.00045854566198262685,0.001036712021387958
501,0.00048610627595419855,0.000120302,5.95888e-05,0.03574184922081255,0.031903798297772276,0.039980219,0.041799125,0.04952068,0.0006087610051007248,0.0007325134010847464,0.00048610627595419855,0.0004550727030548827,0.0011036014898759944
502,0.0005020614171755725,0.000123775,6.11402e-05,0.03432514336187922,0.030639221927046555,0.038996762,0.04145907,0.049609508,0.0005812557239792343,0.0006955729586359175,0.0005020614171755725,0.0004524421392180836,0.001170490958364031
503,0.0005200487171755725,0.000124659,6.26915e-05,0.03285745977559076,0.0293291419473394,0.037896889,0.041015543,0.049698335,0.0005604470689040628,0.0006598608171024071,0.0005200487171755725,0.00045013254368662806,0.0012951272336225543
504,0.0005385753778625954,0.000125543,6.37436e-05,0.03131902187295089,0.027955905430217906,0.036797016,0.040572016,0.049600153,0.0005407869168937767,0.0006342078457466041,0.0005385753778625954,0.0004486885079992103,0.0014221476463814442
505,0.0005585814278625953,0.000129264,6.47956e-05,0.02970811418064319,0.026517981114265395,0.03577866,0.040341361,0.049501972,0.0005126529966676155,0.0006087610051007248,0.0005585814278625953,0.00045286067938931295,0.001549168059140334
506,0.0005784428022900763,0.000132985,6.53595e-05,0.028097284875838322,0.02508012676836575,0.034760303,0.040110706,0.04919029,0.000502455867164575,0.0005812557239792343,0.0005784428022900763,0.00046018565438931303,0.0016763197436922986
507,0.0005979073522900762,0.000138755,6.59235e-05,0.02650564641429973,0.02365940250403936,0.033778097,0.039948855,0.048878608,0.0004938610938142061,0.0005604470689040628,0.0005979073522900762,0.00046802194332061075,0.0018103653942507915
508,0.0006182480778625954,0.000144524,6.59235e-05,0.024921999030630224,0.022245811215260536,0.032795891,0.039787003,0.048389246,0.0004862593732225383,0.0005407869168937767,0.0006182480778625954,0.00047266422480916036,0.0019444110448092844
509,0.0006382491566793892,0.000150033,6.59235e-05,0.023380142709846344,0.02086952335845345,0.031816077,0.039746002,0.047899883,0.00047744275535781917,0.0005126529966676155,0.0006382491566793892,0.0004708920259541984,0.0020784566953677775
510,0.0006504314889312977,0.000155542,6.73232e-05,0.021808747604411326,0.019466868667024875,0.030836264,0.039705,0.047395009,0.00046932048886714594,0.000502455867164575,0.0006504314889312977,0.00048610627595419855,0.0022109359083918776
511,0.0006618869696564884,0.000160545,6.87229e-05,0.02017279553499938,0.018006589303053138,0.029791785,0.039914399,0.046890134,0.0004639231275363252,0.0004938610938142061,0.0006618869696564884,0.0005020614171755725,0.0022875420581024934
512,0.0006737029717557251,0.000165548,7.02743e-05,0.01852374533186915,0.016534618316366424,0.028747306,0.040123798,0.046262775,0.00045854566198262685,0.0004862593732225383,0.0006737029717557251,0.0005200487171755725,0.002364148207813109
513,0.0006855104202290075,0.000170013,7.18256e-05,0.01685360591715171,0.015043822731417298,0.027646237,0.040520099,0.045635415,0.0004550727030548827,0.00047744275535781917,0.0006855104202290075,0.0005385753778625954,0.0024407543575237253
514,0.0006963051433206106,0.000174478,7.35161e-05,0.015199349216506126,0.013567204334196744,0.026545168,0.040916399,0.044842292,0.0004524421392180836,0.00046932048886714594,0.0006963051433206106,0.0005585814278625953,0.002517360507234341
515,0.0007070995183206106,0.000178785,7.52065e-05,0.013697694562930365,0.012226801187045225,0.025589717,0.041458068,0.044049169,0.00045013254368662806,0.0004639231275363252,0.0007070995183206106,0.0005784428022900763,0.002572975256836553
516,0.0007178938933206107,0.000183092,7.76231e-05,0.012394593144518021,0.011063630122287898,0.024634267,0.041999736,0.043143539,0.0004486885079992103,0.00045854566198262685,0.0007178938933206107,0.0005979073522900762,0.0026283894970305977
517,0.000729231182442748,0.000188502,8.00396e-05,0.011238586131010437,0.010031758090096564,0.023819995,0.042209135,0.042237909,0.00045286067938931295,0.0004550727030548827,0.000729231182442748,0.0006182480778625954,0.002683803737224642
518,0.000742057607442748,0.000193912,8.17288e-05,0.01021975855602342,0.009122334818463858,0.023005723,0.042418534,0.041320016,0.00046018565438931303,0.0004524421392180836,0.000742057607442748,0.0006382491566793892,0.002738771283430989
519,0.0007540342538167939,0.00020035,8.3418e-05,0.009331268062731733,0.008329252700290743,0.022274816,0.042067228,0.040402124,0.00046802194332061075,0.00045013254368662806,0.0007540342538167939,0.0006504314889312977,0.0026943644407217897
520,0.0007636800788167938,0.000206788,8.49694e-05,0.008524618807815278,0.007609223499593503,0.021543908,0.041715923,0.039344057,0.00047266422480916036,0.0004486885079992103,0.0007636800788167938,0.0006618869696564884,0.0026499575980125914
521,0.0007731685374045802,0.000213791,8.65208e-05,0.007788568114782304,0.0069522118071546745,0.0207753,0.041214057,0.03828599,0.0004708920259541984,0.00045286067938931295,0.0007731685374045802,0.0006737029717557251,0.002605550755303392
522,0.0007822253624045801,0.000220794,8.8158e-05,0.00712639153224227,0.006361141434820282,0.020006692,0.040712192,0.037700201,0.00048610627595419855,0.00046018565438931303,0.0007822253624045801,0.0006855104202290075,0.0025578335383818476
523,0.0007909674545801526,0.000228534,8.97952e-05,0.0065616202802363565,0.005857016760210976,0.019139664,0.039867674,0.037114412,0.0005020614171755725,0.00046802194332061075,0.0007909674545801526,0.0006963051433206106,0.002381979780833463
524,0.0007988464064885496,0.000236274,9.22118e-05,0.006059652527035161,0.0054089515845347404,0.018272637,0.039023156,0.035867581,0.0005200487171755725,0.00047266422480916036,0.0007988464064885496,0.0007070995183206106,0.002206126023285078
525,0.0008059390013358778,0.000244616,9.46283e-05,0.005600319957999904,0.004998943318214679,0.017274871,0.038096683,0.034620749,0.0005385753778625954,0.0004708920259541984,0.0008059390013358778,0.0007178938933206107,0.002030272265736694
526,0.0008108736494274809,0.000252959,9.75796e-05,0.00516144230796082,0.004607193469522074,0.016277105,0.03717021,0.033708611,0.0005585814278625953,0.00048610627595419855,0.0008108736494274809,0.000729231182442748,0.0018547074874133006
527,0.0008151806412213739,0.000261473,0.000100531,0.004739744028308455,0.004230778226610903,0.015341849,0.036107681,0.032796472,0.0005784428022900763,0.0005020614171755725,0.0008151806412213739,0.000742057607442748,0.0017290303909042468
528,0.0008177670162213741,0.000269987,0.000103682,0.004348793976032561,0.0038818093880022193,0.014406593,0.035045152,0.032009729,0.0005979073522900762,0.0005200487171755725,0.0008177670162213741,0.0007540342538167939,0.001603353294395193
529,0.0008200288864503817,0.000278314,0.000106834,0.003987232838986729,0.0035590736079545975,0.01362571,0.033925281,0.031222986,0.0006182480778625954,0.0005385753778625954,0.0008200288864503817,0.0007636800788167938,0.0014776761978861391
530,0.0008214008133587787,0.000286641,0.000110114,0.0036551533010701093,0.0032626536177337217,0.012844828,0.03280541,0.030166282,0.0006382491566793892,0.0005585814278625953,0.0008214008133587787,0.0007731685374045802,0.0013519991013770853
531,0.0008221436227099237,0.000294381,0.000113394,0.003364286602042206,0.0030030209266551236,0.012160282,0.031429078,0.029109577,0.0006504314889312977,0.0005784428022900763,0.0008221436227099237,0.0007822253624045801,0.0012892110762756208
532,0.0008211600246183207,0.000302121,0.000117273,0.003123116783348723,0.002787748538156914,0.011475736,0.030052747,0.028257778,0.0006618869696564884,0.0005979073522900762,0.0008211600246183207,0.0007909674545801526,0.001227516757408097
533,0.0008195473089694657,0.000311364,0.000121151,0.0029044587343427246,0.0025925705481045797,0.010907525,0.028244662,0.027405979,0.0006737029717557251,0.0006182480778625954,0.0008195473089694657,0.0007988464064885496,0.0011658224385405736
534,0.0008162080589694656,0.000320608,0.000125715,0.002701204270118214,0.002411142066615587,0.010339314,0.026436576,0.026589816,0.0006855104202290075,0.0006382491566793892,0.0008162080589694656,0.0008059390013358778,0.0011045515281737082
535,0.000811924864312977,0.000332235,0.000130278,0.002512328764802498,0.0022425484947565925,0.009810027,0.024420246,0.025773653,0.0006963051433206106,0.0006504314889312977,0.000811924864312977,0.0008108736494274809,0.001131325619416176
536,0.0008050525643129771,0.000343863,0.00013504,0.00233053770210758,0.002080278620002068,0.009280741,0.022403916,0.025135171,0.0007070995183206106,0.0006618869696564884,0.0008050525643129771,0.0008151806412213739,0.0011580997106586447
537,0.0007972361927480916,0.000356318,0.000139802,0.002147347040587756,0.001916759438913903,0.008842526,0.020677961,0.024496688,0.0007178938933206107,0.0006737029717557251,0.0007972361927480916,0.0008177670162213741,0.0011848738019011125
538,0.0007868303677480915,0.000368774,0.000144456,0.0019627567802430264,0.0017519909514920975,0.008404311,0.018952006,0.023809626,0.000729231182442748,0.0006855104202290075,0.0007868303677480915,0.0008200288864503817,0.0012116478931435812
539,0.0007765819091603052,0.000380512,0.000149111,0.001789766179757578,0.0015975765228708582,0.007995871,0.017331526,0.023122564,0.000742057607442748,0.0006963051433206106,0.0007765819091603052,0.0008214008133587787,0.0013168696687214554
540,0.0007667649572519083,0.00039225,0.000153765,0.0016366029322877234,0.0014608603355319948,0.007587431,0.015711047,0.022370702,0.0007540342538167939,0.0007070995183206106,0.0007667649572519083,0.0008221436227099237,0.0014285719331036163
541,0.0007569477841603054,0.000403908,0.000158419,0.001503642010785675,0.0013421770968758038,0.0073211,0.014436199,0.02161884,0.0007636800788167938,0.0007178938933206107,0.0007569477841603054,0.0008211600246183207,0.0015779506762628472
542,0.0007471309591603053,0.000415566,0.000164248,0.0013908834152514325,0.0012415268069022854,0.007054769,0.013161352,0.020903977,0.0007731685374045802,0.000729231182442748,0.0007471309591603053,0.0008195473089694657,0.0017282125030053108
543,0.0007374593173664122,0.00042987,0.000170076,0.0012992718702112542,0.0011597527432087036,0.006788438,0.012203841,0.020189113,0.0007822253624045801,0.000742057607442748,0.0007374593173664122,0.0008162080589694656,0.0019073758175370205
544,0.0007281860192748091,0.000444174,0.000176889,0.001220118202625962,0.001089098798317134,0.006522108,0.01124633,0.019527232,0.0007909674545801526,0.0007540342538167939,0.0007281860192748091,0.000811924864312977,0.0020638440279022647
545,0.0007188191570610687,0.000460621,0.000183702,0.0011462193452119371,0.0010231353886791116,0.006261916,0.010408656,0.018865351,0.0007988464064885496,0.0007636800788167938,0.0007188191570610687,0.0008050525643129771,0.0022017590930429624
546,0.0007091947070610688,0.000477068,0.000191241,0.0010775752979691798,0.000961862514294637,0.006001724,0.009570983,0.01828082,0.0008059390013358778,0.0007731685374045802,0.0007091947070610688,0.0007972361927480916,0.0023396741581836614
547,0.0006998848629770992,0.000493811,0.000198781,0.0010141860608976897,0.0009052801751637097,0.005774898,0.008921955,0.017696289,0.0008108736494274809,0.0007822253624045801,0.0006998848629770992,0.0007868303677480915,0.0023413775820713793
548,0.0006914380648854962,0.000510554,0.000206321,0.0009564590201396739,0.0008537520112656149,0.005548072,0.008272927,0.017052015,0.0008151806412213739,0.0007909674545801526,0.0006914380648854962,0.0007765819091603052,0.0023413775820713793
549,0.0006837478620229007,0.000528936,0.00021386,0.0009026717417910034,0.0008057405480416339,0.005321246,0.007665906,0.016407742,0.0008177670162213741,0.0007988464064885496,0.0006837478620229007,0.0007667649572519083,0.0022696882180760643
550,0.0006781318101145038,0.000547318,0.000219883,0.0008528242258516779,0.0007612457854917662,0.00509442,0.007058885,0.015848366,0.0008200288864503817,0.0008059390013358778,0.0006781318101145038,0.0007569477841603054,0.002163388189622397
551,0.0006731239358778625,0.000565818,0.000225906,0.0008069164723216976,0.000720267723616012,0.004867594,0.006512635,0.01528899,0.0008214008133587787,0.0008108736494274809,0.0006731239358778625,0.0007471309591603053,0.002010042488111958
552,0.0006697850339694656,0.000584318,0.00023193,0.0007649484812010624,0.0006828063624143711,0.004640768,0.005966385,0.014763509,0.0008221436227099237,0.0008151806412213739,0.0006697850339694656,0.0007374593173664122,0.00185669678660152
553,0.0006666031503816793,0.000604206,0.000237954,0.0007255681418213073,0.0006476547843102944,0.004443407,0.005522909,0.014238029,0.0008211600246183207,0.0008177670162213741,0.0006666031503816793,0.0007281860192748091,0.0016399314794901328
554,0.0006638529003816793,0.000624095,0.00024462,0.000686187802441552,0.0006125032062062176,0.004246047,0.005079433,0.013748268,0.0008195473089694657,0.0008200288864503817,0.0006638529003816793,0.0007188191570610687,0.0013964576119500636
555,0.0006615747496183206,0.000647194,0.000251287,0.000646807463061797,0.000577351628102141,0.004053356,0.004705586,0.013258507,0.0008162080589694656,0.0008214008133587787,0.0006615747496183206,0.0007091947070610688,0.0012514406189200896
556,0.0006610577610687023,0.000670293,0.000259141,0.0006074271236820419,0.0005422000499980642,0.003860665,0.004331738,0.012811006,0.000811924864312977,0.0008221436227099237,0.0006610577610687023,0.0006998848629770992,0.0011074161306822258
557,0.0006618196610687022,0.000692694,0.000266995,0.0005680467843022867,0.0005070484718939875,0.003667974,0.004010073,0.012363505,0.0008050525643129771,0.0008211600246183207,0.0006618196610687022,0.0006914380648854962,0.0009633916424443623
558,0.0006642166488549619,0.000715095,0.000274553,0.0005324445362752826,0.0004752692840578026,0.003475282,0.003688407,0.011927911,0.0007972361927480916,0.0008195473089694657,0.0006642166488549619,0.0006837478620229007,0.0008193671542064987
559,0.0006710987026717558,0.000734962,0.000282112,0.0005024929779312891,0.0004485340004353118,0.003282591,0.003456858,0.011492316,0.0007868303677480915,0.0008162080589694656,0.0006710987026717558,0.0006781318101145038,0.0007670322079198946
560,0.0006786109183206107,0.00075483,0.00028909,0.00047819210927030624,0.00042684262102651497,0.0030899,0.00322531,0.011057246,0.0007765819091603052,0.000811924864312977,0.0006786109183206107,0.0006731239358778625,0.0007176871242336133
561,0.0006878494145038167,0.000775369,0.000296069,0.000459541930292334,0.00041019514583141224,0.002972806,0.002999658,0.010622175,0.0007667649572519083,0.0008050525643129771,0.0006878494145038167,0.0006697850339694656,0.000668342040547332
562,0.0006986144301526717,0.000795907,0.000303442,0.00044654244099737243,0.0003985915748500036,0.002855712,0.002774007,0.010187105,0.0007569477841603054,0.0007972361927480916,0.0006986144301526717,0.0006666031503816793,0.000668342040547332
563,0.0007135681263358778,0.000818943,0.000310816,0.00043541555003267065,0.0003886595178143973,0.002742283,0.002588771,0.009752034,0.0007471309591603053,0.0007868303677480915,0.0007135681263358778,0.0006638529003816793,0.000668342040547332
564,0.0007321821797709922,0.000841979,0.000319151,0.0004242886590679689,0.000378727460778791,0.002628855,0.002403535,0.009365042,0.0007374593173664122,0.0007765819091603052,0.0007321821797709922,0.0006615747496183206,0.000668342040547332
565,0.0007608379797709923,0.000864015,0.000327486,0.0004131617681032671,0.0003687954037431847,0.002515427,0.002230412,0.00897805,0.0007281860192748091,0.0007667649572519083,0.0007608379797709923,0.0006610577610687023,0.000668342040547332
566,0.0007951577015267175,0.000886052,0.000335541,0.0004019589690212273,0.00035879558979747136,0.002401998,0.00205729,0.008658406,0.0007188191570610687,0.0007569477841603054,0.0007951577015267175,0.0006618196610687022,0.0005880471090179981
567,0.0008450130053435113,0.000907551,0.000343597,0.0003900566893750658,0.0003481714072945218,0.00228857,0.001923343,0.008338763,0.0007091947070610688,0.0007471309591603053,0.0008450130053435113,0.0006642166488549619,0.0005875532422933837
568,0.0009001042305343511,0.00092905,0.000352197,0.0003774549291647826,0.00033692285623433617,0.002175142,0.001789396,0.008039674,0.0006998848629770992,0.0007374593173664122,0.0009001042305343511,0.0006710987026717558,0.0005875532422933837
569,0.0009695546767175572,0.000954829,0.000360797,0.0003641536883903778,0.0003250499366169144,0.002093319,0.001687413,0.007740586,0.0006914380648854962,0.0007281860192748091,0.0009695546767175572,0.0006786109183206107,0.0005875532422933837
570,0.0010360137034351143,0.000980607,0.000370559,0.00035015296705185115,0.0003125526484422564,0.002011497,0.00158543,0.007479543,0.0006837478620229007,0.0007188191570610687,0.0010360137034351143,0.0006878494145038167,0.0005875946699084027
571,0.0010942696034351143,0.001008115,0.000380321,0.0003355286732665409,0.0002994987486204694,0.001948018,0.001502975,0.007218501,0.0006781318101145038,0.0007091947070610688,0.0010942696034351143,0.0006986144301526717,0.0005933774775812515
572,0.0011556723240458014,0.001035622,0.000390793,0.00032090437948123073,0.00028644484879868245,0.001884539,0.00142052,0.006900342,0.0006731239358778625,0.0006998848629770992,0.0011556723240458014,0.0007135681263358778,0.0005991602852541005
573,0.0012257060702290075,0.001056699,0.000401264,0.00030628008569592044,0.0002733909489768954,0.001821059,0.001370251,0.006582183,0.0006697850339694656,0.0006914380648854962,0.0012257060702290075,0.0007321821797709922,0.0006049430929269493
574,0.0012932001908396947,0.001077776,0.000412092,0.00029165579191061026,0.0002603370491551085,0.00175758,0.001319982,0.00635304,0.0006666031503816793,0.0006837478620229007,0.0012932001908396947,0.0007608379797709923,0.0006107259005997982
575,0.0013537301370229007,0.001095678,0.00042292,0.0002770314981253,0.0002472831493333215,0.001694101,0.001269713,0.006123897,0.0006638529003816793,0.0006781318101145038,0.0013537301370229007,0.0007951577015267175,0.0006200034426076707
576,0.0014142499958015265,0.001113579,0.000435668,0.0002624072043399898,0.0002342292495115345,0.001630622,0.001219444,0.005937438,0.0006615747496183206,0.0006731239358778625,0.0014142499958015265,0.0008450130053435113,0.0006293695613008421
577,0.0014747440958015267,0.001131459,0.000448416,0.00024778291055467956,0.00022117534968974753,0.001567143,0.001172619,0.005750979,0.0006610577610687023,0.0006697850339694656,0.0014747440958015267,0.0009001042305343511,0.0006387356799940137
578,0.0015391335221374045,0.001149339,0.00046362,0.00023315861676936935,0.00020812144986796056,0.001503664,0.001125794,0.005495597,0.0006618196610687022,0.0006666031503816793,0.0015391335221374045,0.0009695546767175572,0.0006481017986871851
579,0.0016142070183206108,0.001169172,0.000478824,0.0002186809861102519,0.0001951984641118356,0.001465174,0.001092651,0.005240214,0.0006642166488549619,0.0006638529003816793,0.0016142070183206108,0.0010360137034351143,0.0006330642374458181
580,0.0016852596141221374,0.001189006,0.000496427,0.00020597806467388905,0.00018385961477602176,0.001426684,0.001059508,0.005012628,0.0006710987026717558,0.0006615747496183206,0.0016852596141221374,0.0010942696034351143,0.0006178375820040407
581,0.0017452853641221375,0.001211098,0.000514029,0.0001950498524602808,0.0001741049018605191,0.001390963,0.001026366,0.004785041,0.0006786109183206107,0.0006610577610687023,0.0017452853641221375,0.0011556723240458014,0.0006026109265622634
582,0.0018053111141221373,0.00123319,0.000534392,0.00018589634946942718,0.0001659343253653276,0.001355242,0.000993223,0.004598582,0.0006878494145038167,0.0006618196610687022,0.0018053111141221373,0.0012257060702290075,0.0005872064823645569
583,0.0018653368641221376,0.001253707,0.000554754,0.00017851755570132816,0.0001593478852904473,0.001319521,0.000957009,0.004412124,0.0006986144301526717,0.0006642166488549619,0.0018653368641221376,0.0012932001908396947,0.0005559585844733481
584,0.0019238392057251911,0.001274224,0.000573936,0.00017276680802979095,0.00015421466757021608,0.0012838,0.000920794,0.004246732,0.0007135681263358778,0.0006710987026717558,0.0019238392057251911,0.0013537301370229007,0.0005247106865821395
585,0.0019781630557251903,0.001291092,0.000593118,0.00016701606035825372,0.00014908144984998486,0.001248079,0.000885803,0.00408134,0.0007321821797709922,0.0006786109183206107,0.0019781630557251903,0.0014142499958015265,0.000493462788690931
586,0.0020230521424106857,0.001307959,0.000611876,0.00016126531268671648,0.00014394823212975365,0.001212358,0.000850812,0.003925958,0.0007608379797709923,0.0006878494145038167,0.0020230521424106857,0.0014747440958015267,0.0004622148907997225
587,0.0020385224077678296,0.001325243,0.000630635,0.00015551456501517927,0.00013881501440952244,0.001177167,0.000813634,0.003770576,0.0007951577015267175,0.0006986144301526717,0.0020385224077678296,0.0015391335221374045,0.00044669808282226953
588,0.0020442812764255624,0.001342526,0.000658191,0.00014976381734364206,0.00013368179668929125,0.001141975,0.000776455,0.003659498,0.0008450130053435113,0.0007135681263358778,0.0020442812764255624,0.0016142070183206108,0.0004314714273804923
589,0.0020500401450832956,0.001364437,0.000685748,0.00014401306967210483,0.00012854857896906,0.001123575,0.000735816,0.003548421,0.0009001042305343511,0.0007321821797709922,0.0020500401450832956,0.0016852596141221374,0.0004162447719387147
590,0.0020540988641346083,0.001386347,0.000720017,0.00013826232200056762,0.00012341536124882882,0.001105175,0.000695176,0.003441873,0.0009695546767175572,0.0007608379797709923,0.0020540988641346083,0.0017452853641221375,0.0004010212823176728
591,0.0020501617206392696,0.001411137,0.000754286,0.0001325115743290304,0.00011828214352859762,0.001086774,0.000657053,0.003335325,0.0010360137034351143,0.0007951577015267175,0.0020501617206392696,0.0018053111141221373,0.0003904806371166728
592,0.002037083744993739,0.001435926,0.000781718,0.00012676082665749318,0.00011314892580836639,0.001068374,0.00061893,0.003206363,0.0010942696034351143,0.0008450130053435113,0.002037083744993739,0.0018653368641221376,0.0003799399919156729
593,0.002024005769348208,0.001461958,0.00080915,0.00012101007898595597,0.00010801570808813519,0.001048812,0.000584381,0.003077401,0.0011556723240458014,0.0009001042305343511,0.002024005769348208,0.0019238392057251911,0.00036939934671467294
594,0.002009822739001404,0.00148799,0.000831904,0.00011525933131441877,0.000102882490367904,0.00102925,0.000549833,0.002944216,0.0012257060702290075,0.0009695546767175572,0.002009822739001404,0.0019781630557251903,0.0003590603147348444
595,0.001991383300441195,0.001519778,0.000854658,0.00010950858364288154,9.774927264767278e-05,0.000996563,0.000525722,0.002811031,0.0012932001908396947,0.0010360137034351143,0.001991383300441195,0.0020230521424106857,0.0003590603147348444
596,0.0019695827619053974,0.001551566,0.000871526,0.00010375783597134432,9.261605492744156e-05,0.000963876,0.000501612,0.00270884,0.0013537301370229007,0.0010942696034351143,0.0019695827619053974,0.0020385224077678296,0.0003590603147348444
597,0.001947782223369599,0.001587477,0.000888395,9.80070882998071e-05,8.748283720721036e-05,0.000930093,0.000481867,0.002606649,0.0014142499958015265,0.0011556723240458014,0.001947782223369599,0.0020442812764255624,0.0003590603147348444
598,0.0019283778352563417,0.001623387,0.000901836,9.225634062826987e-05,8.234961948697915e-05,0.000896309,0.000462123,0.00251342,0.0014747440958015267,0.0012257060702290075,0.0019283778352563417,0.0020500401450832956,0.0003590603147348444
599,0.0019164273483822573,0.001667363,0.000915277,8.650559295673266e-05,7.721640176674795e-05,0.000858844,0.000446954,0.002420191,0.0015391335221374045,0.0012932001908396947,0.0019164273483822573,0.0020540988641346083,0.00036946697704885566
600,0.0019068949724220365,0.001711338,0.000926622,8.075484528519546e-05,7.208318404651675e-05,0.000821379,0.000431785,0.002326961,0.0016142070183206108,0.0013537301370229007,0.0019068949724220365,0.0020501617206392696,0.0003800036393875099
601,0.0018977690742461749,0.001746841,0.000937966,7.500409761365822e-05,6.694996632628552e-05,0.000808262,0.000416112,0.002233732,0.0016852596141221374,0.0014142499958015265,0.0018977690742461749,0.002037083744993739,0.0003905403017261642
602,0.0018971321081285208,0.001782345,0.000947605,6.9253349942121e-05,6.181674860605431e-05,0.000795145,0.000400438,0.002140503,0.0017452853641221375,0.0014747440958015267,0.0018971321081285208,0.002024005769348208,0.0004011456282102103
603,0.0019167210297292194,0.001826206,0.000957243,6.350260227058379e-05,5.6683530885823115e-05,0.000777382,0.000384452,0.002047273,0.0018053111141221373,0.0015391335221374045,0.0019167210297292194,0.002009822739001404,0.0004265810148905609
604,0.0019363099513299163,0.001870067,0.000965371,5.7751854599046575e-05,5.155031316559191e-05,0.00075962,0.000368465,0.001974063,0.0018653368641221376,0.0016142070183206108,0.0019363099513299163,0.001991383300441195,0.0004520164015709115
605,0.001961758905380549,0.001920933,0.0009735,5.2001106927509353e-05,4.64170954453607e-05,0.000713282,0.000352479,0.001900852,0.0019238392057251911,0.0016852596141221374,0.001961758905380549,0.0019695827619053974,0.00047745178825126205
606,0.0020078090169485985,0.001971799,0.000979944,4.625035925597213e-05,4.128387772512949e-05,0.000666944,0.000336492,0.001838699,0.0019781630557251903,0.0017452853641221375,0.0020078090169485985,0.001947782223369599,0.0005028871749316127
607,0.0020662785817410112,0.002011494,0.000986388,4.049961158443491e-05,3.615066000489827e-05,0.000624514,0.000320506,0.001776546,0.0020230521424106857,0.0018053111141221373,0.0020662785817410112,0.0019283778352563417,0.0005604254152585255
608,0.0021296876849667716,0.002051189,0.000992181,3.4748863912897695e-05,3.101744228466707e-05,0.000582084,0.00030452,0.001722149,0.0020385224077678296,0.0018653368641221376,0.0021296876849667716,0.0019164273483822573,0.0006189120902013525
609,0.0022126541587367365,0.002099853,0.000997973,2.8998116241360473e-05,2.588422456443586e-05,0.000549165,0.000290769,0.001667753,0.0020442812764255624,0.0019238392057251911,0.0022126541587367365,0.0019068949724220365,0.0006773987651441795
610,0.002312102247875564,0.002148518,0.001003612,2.3247368569823248e-05,2.0751006844204645e-05,0.000516246,0.000277019,0.001614479,0.0020500401450832956,0.0019781630557251903,0.002312102247875564,0.0018977690742461749,0.0007358854400870065
611,0.0024186697259724337,0.002199915,0.001009251,1.7496620898286033e-05,1.5617789123973438e-05,0.000477254,0.000263252,0.001561205,0.0020540988641346083,0.0020230521424106857,0.0024186697259724337,0.0018971321081285208,0.0008300228655420143
612,0.0025456047142484966,0.002251312,0.001014854,1.1745873226748817e-05,1.0484571403742234e-05,0.000438261,0.000249484,0.001500759,0.0020501617206392696,0.0020385224077678296,0.0025456047142484966,0.0019167210297292194,0.0009247097140284202
613,0.0026769963400012733,0.002289466,0.001020458,7.096399512784166e-06,6.3343700349013026e-06,0.000391517,0.00023223,0.001440313,0.002037083744993739,0.0020442812764255624,0.0026769963400012733,0.0019363099513299163,0.0010193965625148263
614,0.0028149421184041445,0.002327621,0.001025887,3.5970753331269563e-06,3.210812210106612e-06,0.000344773,0.000214976,0.00137816,0.002024005769348208,0.0020500401450832956,0.0028149421184041445,0.001961758905380549,0.0011140834110012323
615,0.002950619915848339,0.002362636,0.001031317,1.247900687777195e-06,1.1138979293581675e-06,0.000298029,0.000197723,0.001316007,0.002009822739001404,0.0020540988641346083,0.002950619915848339,0.0020078090169485985,0.0012180649253452146
616,0.003073938192347405,0.00239765,0.001037762,4.8875576734876174e-08,4.36271926559633e-08,0.000251285,0.000180469,0.00125975,0.001991383300441195,0.0020501617206392696,0.003073938192347405,0.0020662785817410112,0.0013220861187250392
617,0.003190738876297746,0.002424757,0.001044207,0.0,0.0,0.000220599,0.000163052,0.001203492,0.0019695827619053974,0.002037083744993739,0.003190738876297746,0.0021296876849667716,0.0014261073121048637
618,0.0032961386603259824,0.002451864,0.001052442,0.0,0.0,0.000189913,0.000145634,0.001180185,0.001947782223369599,0.002024005769348208,0.0032961386603259824,0.0022126541587367365,0.0015298900828050058
619,0.003393550530027009,0.002465701,0.001060676,0.0,0.0,0.000159721,0.000128104,0.001156878,0.0019283778352563417,0.002009822739001404,0.003393550530027009,0.002312102247875564,0.0015942186790912406
620,0.003482163787882406,0.002487548,0.001070156,0.0,0.0,0.000129528,0.000110573,0.00113357,0.0019164273483822573,0.001991383300441195,0.003482163787882406,0.0024186697259724337,0.0016585472753774758
621,0.0035462593990145484,0.002492297,0.001079636,0.0,0.0,0.000101016,9.94492e-05,0.001110263,0.0019068949724220365,0.0019695827619053974,0.0035462593990145484,0.0025456047142484966,0.0017228758716637113
622,0.0036093008989459764,0.002497045,0.001088939,0.0,0.0,7.25043e-05,8.83253e-05,0.001078577,0.0018977690742461749,0.001947782223369599,0.0036093008989459764,0.0026769963400012733,0.0017865496451219892
623,0.0036639714171467154,0.002483695,0.001098242,0.0,0.0,4.56663e-05,8.34518e-05,0.00104689,0.0018971321081285208,0.0019283778352563417,0.0036639714171467154,0.0028149421184041445,0.0018166071551282287
624,0.0036948247511800203,0.002467675,0.001109586,0.0,0.0,1.88283e-05,7.85782e-05,0.001012989,0.0019167210297292194,0.0019164273483822573,0.0036948247511800203,0.002950619915848339,0.0018465470656407622
625,0.003723328067929615,0.002446815,0.00112093,0.0,0.0,9.41417e-06,6.93989e-05,0.000979087,0.0019363099513299163,0.0019068949724220365,0.003723328067929615,0.003073938192347405,0.0018251981232807444
626,0.0037473727706567833,0.002425954,0.00113689,0.0,0.0,0.0,6.02197e-05,0.000945186,0.001961758905380549,0.0018977690742461749,0.0037473727706567833,0.003190738876297746,0.001803107974992206
627,0.003754544800342687,0.002397893,0.00115285,0.0,0.0,0.0,5.37759e-05,0.000911284,0.0020078090169485985,0.0018971321081285208,0.003754544800342687,0.0032961386603259824,0.0017614363283482539
628,0.0037489808344466163,0.002369832,0.001169805,0.0,0.0,0.0,4.73322e-05,0.000880223,0.0020662785817410112,0.0019167210297292194,0.0037489808344466163,0.003393550530027009,0.0017197646817043012
629,0.003743416868550545,0.002326224,0.001186759,0.0,0.0,0.0,4.27943e-05,0.000849163,0.0021296876849667716,0.0019363099513299163,0.003743416868550545,0.003482163787882406,0.001678093035060348
630,0.003738093344878616,0.002282615,0.001205745,0.0,0.0,0.0,3.82565e-05,0.000820477,0.0022126541587367365,0.001961758905380549,0.003738093344878616,0.0035462593990145484,0.0016361333147816661
631,0.0037271266823736926,0.002226946,0.001224731,0.0,0.0,0.0,3.59309e-05,0.000791791,0.002312102247875564,0.0020078090169485985,0.0037271266823736926,0.0036093008989459764,0.001558527817225771
632,0.003701130491790966,0.002171277,0.001245334,0.0,0.0,0.0,3.36053e-05,0.000763105,0.0024186697259724337,0.0020662785817410112,0.003701130491790966,0.0036639714171467154,0.0014809223196698754
633,0.0036791945756545733,0.002090512,0.001265937,0.0,0.0,0.0,3.18242e-05,0.000734419,0.0025456047142484966,0.0021296876849667716,0.0036791945756545733,0.0036948247511800203,0.0014033168221139801
634,0.003649460135842647,0.002009747,0.001290382,0.0,0.0,0.0,3.00432e-05,0.000705733,0.0026769963400012733,0.0022126541587367365,0.003649460135842647,0.003723328067929615,0.0013257113245580842
635,0.0036141394856335466,0.001934192,0.001314827,0.0,0.0,0.0,2.72887e-05,0.000677047,0.0028149421184041445,0.002312102247875564,0.0036141394856335466,0.0037473727706567833,0.0012621523973950727
636,0.0035781982363921826,0.001858638,0.001348954,0.0,0.0,0.0,2.45342e-05,0.000659245,0.002950619915848339,0.0024186697259724337,0.0035781982363921826,0.003754544800342687,0.0011988487041391224
637,0.003542343488606664,0.001773808,0.001383081,0.0,0.0,0.0,1.98328e-05,0.000641443,0.003073938192347405,0.0025456047142484966,0.003542343488606664,0.0037489808344466163,0.001135545010883172
638,0.0035070111910926985,0.001688977,0.00142798,0.0,0.0,0.0,1.51314e-05,0.000628125,0.003190738876297746,0.0026769963400012733,0.0035070111910926985,0.003743416868550545,0.001072381334847241
639,0.0034733125336434308,0.001600874,0.00147288,0.0,0.0,0.0,1.16937e-05,0.000614806,0.0032961386603259824,0.0028149421184041445,0.0034733125336434308,0.003738093344878616,0.0010411334369560394
640,0.0034407120087831256,0.00151277,0.001516314,0.0,0.0,0.0,8.25603e-06,0.000601488,0.003393550530027009,0.002950619915848339,0.0034407120087831256,0.0037271266823736926,0.0010098855390648378
641,0.0034115535345028442,0.001414665,0.001559749,0.0,0.0,0.0,6.1792e-06,0.000588169,0.003482163787882406,0.003073938192347405,0.0034115535345028442,0.003701130491790966,0.0009786376411736364
642,0.003387720008079782,0.00131656,0.00162337,0.0,0.0,0.0,4.10238e-06,0.000574851,0.0035462593990145484,0.003190738876297746,0.003387720008079782,0.0036791945756545733,0.0009473897432824344
643,0.0033647351531984723,0.001231453,0.001686991,0.0,0.0,0.0,2.05119e-06,0.000561532,0.0036093008989459764,0.0032961386603259824,0.0033647351531984723,0.003649460135842647,0.0009363347375648834
644,0.003347736041782765,0.001146346,0.001764468,0.0,0.0,0.0,0.0,0.000548214,0.0036639714171467154,0.003393550530027009,0.003347736041782765,0.0036141394856335466,0.0009257940923638841
645,0.003341083133285568,0.001063282,0.001841944,0.0,0.0,0.0,0.0,0.000534895,0.0036948247511800203,0.003482163787882406,0.003341083133285568,0.0035781982363921826,0.0009152534471628845
646,0.0033433659623267405,0.000980218,0.001919147,0.0,0.0,0.0,0.0,0.000521577,0.003723328067929615,0.0035462593990145484,0.0033433659623267405,0.003542343488606664,0.0009047128019618845
647,0.003373152671755725,0.000908641,0.001996349,0.0,0.0,0.0,0.0,0.000508258,0.0037473727706567833,0.0036093008989459764,0.003373152671755725,0.0035070111910926985,0.0009195822446539421
648,0.003411152671755725,0.000837064,0.00209266,0.0,0.0,0.0,0.0,0.00049494,0.003754544800342687,0.0036639714171467154,0.003411152671755725,0.0034733125336434308,0.0009346150506184086
649,0.0034593053435114504,0.000764226,0.00218897,0.0,0.0,0.0,0.0,0.000481622,0.0037489808344466163,0.0036948247511800203,0.0034593053435114504,0.0034407120087831256,0.0009496478565828749
650,0.0035403816793893126,0.000691388,0.002276298,0.0,0.0,0.0,0.0,0.000468303,0.003743416868550545,0.003723328067929615,0.0035403816793893126,0.0034115535345028442,0.0009646806625473414
651,0.0036404580152671756,0.000635377,0.002363625,0.0,0.0,0.0,0.0,0.000454985,0.003738093344878616,0.0037473727706567833,0.0036404580152671756,0.003387720008079782,0.0009855149434644156
652,0.003769687022900763,0.000579367,0.0024414,0.0,0.0,0.0,0.0,0.00044121,0.0037271266823736926,0.003754544800342687,0.003769687022900763,0.0033647351531984723,0.0010065842875363808
653,0.003945763358778626,0.000526259,0.002519176,0.0,0.0,0.0,0.0,0.000427435,0.003701130491790966,0.0037489808344466163,0.003945763358778626,0.003347736041782765,0.001027653631608346
654,0.004148454198473282,0.000473151,0.002575851,0.0,0.0,0.0,0.0,0.000413092,0.0036791945756545733,0.003743416868550545,0.004148454198473282,0.003341083133285568,0.0010487229756803108
655,0.004398645038167939,0.000427336,0.002632527,0.0,0.0,0.0,0.0,0.000398749,0.003649460135842647,0.003738093344878616,0.004398645038167939,0.0033433659623267405,0.0011109258857985435
656,0.004709026717557251,0.000381521,0.002650966,0.0,0.0,0.0,0.0,0.000384406,0.0036141394856335466,0.0037271266823736926,0.004709026717557251,0.003373152671755725,0.0011740861958308092
657,0.005101717557251909,0.000345771,0.002669406,0.0,0.0,0.0,0.0,0.000370063,0.0035781982363921826,0.003701130491790966,0.005101717557251909,0.003411152671755725,0.0012372465058630752
658,0.005554599236641222,0.00031002,0.002650621,0.0,0.0,0.0,0.0,0.00035572,0.003542343488606664,0.0036791945756545733,0.005554599236641222,0.0034593053435114504,0.0013004068158953405
659,0.006102480916030535,0.000280854,0.002631835,0.0,0.0,0.0,0.0,0.000341377,0.0035070111910926985,0.003649460135842647,0.006102480916030535,0.0035403816793893126,0.001446755550909385
660,0.006732671755725191,0.000251688,0.002556859,0.0,0.0,0.0,0.0,0.000335766,0.0034733125336434308,0.0036141394856335466,0.006732671755725191,0.0036404580152671756,0.0015939074077919394
661,0.007423053435114503,0.000233233,0.002481882,0.0,0.0,0.0,0.0,0.000330155,0.0034407120087831256,0.0035781982363921826,0.007423053435114503,0.003769687022900763,0.0017410592646744938
662,0.008183053435114503,0.000214779,0.002381414,0.0,0.0,0.0,0.0,0.000330155,0.0034115535345028442,0.003542343488606664,0.008183053435114503,0.003945763358778626,0.0018882111215570484
663,0.008968435114503816,0.000197822,0.002280946,0.0,0.0,0.0,0.0,0.000330155,0.003387720008079782,0.0035070111910926985,0.008968435114503816,0.004148454198473282,0.0020914609883139136
664,0.009826480916030533,0.000180866,0.0021423,0.0,0.0,0.0,0.0,0.000330155,0.0033647351531984723,0.0034733125336434308,0.009826480916030533,0.004398645038167939,0.0022948457019872004
665,0.0107274,0.000169253,0.002003654,0.0,0.0,0.0,0.0,0.000330155,0.003347736041782765,0.0034407120087831256,0.0107274,0.004709026717557251,0.002544853032817938
666,0.011733410803435113,0.000157639,0.001857805,0.0,0.0,0.0,0.0,0.000319936,0.003341083133285568,0.0034115535345028442,0.011733410803435113,0.005101717557251909,0.002812299976088622
667,0.012785012375190839,0.000147511,0.001711957,0.0,0.0,0.0,0.0,0.000309716,0.0033433659623267405,0.003387720008079782,0.012785012375190839,0.005554599236641222,0.0030919370116371148
668,0.01387445684885496,0.000137382,0.001579545,0.0,0.0,0.0,0.0,0.000294178,0.003373152671755725,0.0033647351531984723,0.01387445684885496,0.006102480916030535,0.003562177768453914
669,0.014939536998854962,0.000130311,0.001447133,0.0,0.0,0.0,0.0,0.00027864,0.003411152671755725,0.003347736041782765,0.014939536998854962,0.006732671755725191,0.004079485163818518
670,0.015991209530534352,0.00012324,0.001308728,0.0,0.0,0.0,0.0,0.000263102,0.0034593053435114504,0.003341083133285568,0.015991209530534352,0.007423053435114503,0.00471472410059087
671,0.01700610688053435,0.000115377,0.001170324,0.0,0.0,0.0,0.0,0.000247564,0.0035403816793893126,0.0033433659623267405,0.01700610688053435,0.008183053435114503,0.005165116211271005
672,0.017971218320229007,0.000107513,0.001056615,0.0,0.0,0.0,0.0,0.000233833,0.0036404580152671756,0.003373152671755725,0.017971218320229007,0.008968435114503816,0.005615508321951141
673,0.018757412351145034,0.00010167,0.000942906,0.0,0.0,0.0,0.0,0.000220103,0.003769687022900763,0.003411152671755725,0.018757412351145034,0.009826480916030533,0.00637230254333868
674,0.019388212097328248,9.58261e-05,0.000857217,0.0,0.0,0.0,0.0,0.000220103,0.003945763358778626,0.0034593053435114504,0.019388212097328248,0.0107274,0.0072622359370764005
675,0.019867373242366412,8.8966e-05,0.000771528,0.0,0.0,0.0,0.0,0.000220103,0.004148454198473282,0.0035403816793893126,0.019867373242366412,0.011733410803435113,0.007758190294824255
676,0.020167611866030534,8.21059e-05,0.000694135,0.0,0.0,0.0,0.0,0.000220103,0.004398645038167939,0.0036404580152671756,0.020167611866030534,0.012785012375190839,0.008500853933649258
677,0.020254700389312978,7.67268e-05,0.000616741,0.0,0.0,0.0,0.0,0.000220103,0.004709026717557251,0.003769687022900763,0.020254700389312978,0.01387445684885496,0.009341771502053755
678,0.02015492464503817,7.13477e-05,0.000560051,0.0,0.0,0.0,0.0,0.000220103,0.005101717557251909,0.003945763358778626,0.02015492464503817,0.014939536998854962,0.01014302300421952
679,0.019871292195419846,6.69272e-05,0.00050336,0.0,0.0,0.0,0.0,0.000220103,0.005554599236641222,0.004148454198473282,0.019871292195419846,0.015991209530534352,0.010569874053594287
680,0.01931821374045802,6.25068e-05,0.000453345,0.0,0.0,0.0,0.0,0.000212444,0.006102480916030535,0.004398645038167939,0.01931821374045802,0.01700610688053435,0.01082789482351411
681,0.01857648854961832,5.82069e-05,0.000403329,0.0,0.0,0.0,0.0,0.000204786,0.006732671755725191,0.004709026717557251,0.01857648854961832,0.017971218320229007,0.010911703071162836
682,0.017645837910305346,5.39071e-05,0.000360141,0.0,0.0,0.0,0.0,0.000191467,0.007423053435114503,0.005101717557251909,0.017645837910305346,0.018757412351145034,0.010851246105656485
683,0.01857648854961832,5.01281e-05,0.000316953,0.0,0.0,0.0,0.0,0.000178149,0.008183053435114503,0.005554599236641222,0.01857648854961832,0.019388212097328248,0.010660902918767418
684,0.017645837910305346,4.63492e-05,0.000280733,0.0,0.0,0.0,0.0,0.00016483,0.008968435114503816,0.006102480916030535,0.017645837910305346,0.019867373242366412,0.010257589305456586
685,0.016561031133587787,4.39549e-05,0.000244512,0.0,0.0,0.0,0.0,0.000151512,0.009826480916030533,0.006732671755725191,0.016561031133587787,0.020167611866030534,0.009791690548592174
686,0.01544221022328244,4.15606e-05,0.000215284,0.0,0.0,0.0,0.0,0.000138193,0.0107274,0.007423053435114503,0.01544221022328244,0.020254700389312978,0.00925409649671862
687,0.014220851273282441,4.02772e-05,0.000186057,0.0,0.0,0.0,0.0,0.000124875,0.011733410803435113,0.008183053435114503,0.014220851273282441,0.02015492464503817,0.008444178734261436
688,0.012992514138167937,3.89938e-05,0.000162336,0.0,0.0,0.0,0.0,0.000117463,0.012785012375190839,0.008968435114503816,0.012992514138167937,0.019871292195419846,0.007796520690614537
689,0.011745036584351144,3.82772e-05,0.000138615,0.0,0.0,0.0,0.0,0.000110052,0.01387445684885496,0.009826480916030533,0.011745036584351144,0.01931821374045802,0.007102332781051707
690,0.010519324139694657,3.75605e-05,0.00012268,0.0,0.0,0.0,0.0,0.000100776,0.014939536998854962,0.0107274,0.010519324139694657,0.01857648854961832,0.0063005709386352
691,0.009327930510305343,3.68439e-05,0.000106745,0.0,0.0,0.0,0.0,9.15e-05,0.015991209530534352,0.011733410803435113,0.009327930510305343,0.017645837910305346,0.005659916554202254
692,0.00805710244961832,3.61272e-05,9.6631e-05,0.0,0.0,0.0,0.0,8.3875e-05,0.01700610688053435,0.012785012375190839,0.00805710244961832,0.01857648854961832,0.00476537727858607
693,0.006835495491603053,3.60938e-05,8.65169e-05,0.0,0.0,0.0,0.0,7.625e-05,0.017971218320229007,0.01387445684885496,0.006835495491603053,0.017645837910305346,0.004224312133372942
694,0.005844640204961832,3.60603e-05,7.90347e-05,0.0,0.0,0.0,0.0,6.8625e-05,0.018757412351145034,0.014939536998854962,0.005844640204961832,0.016561031133587787,0.00379035010661565
695,0.004913842554961832,3.69144e-05,7.15526e-05,0.0,0.0,0.0,0.0,6.1e-05,0.019388212097328248,0.015991209530534352,0.004913842554961832,0.01544221022328244,0.002976073372684983
696,0.004031519090076335,3.77685e-05,6.43028e-05,0.0,0.0,0.0,0.0,5.3375e-05,0.019867373242366412,0.01700610688053435,0.004031519090076335,0.014220851273282441,0.0024126971904809644
697,0.0032821533900763357,3.92569e-05,5.70531e-05,0.0,0.0,0.0,0.0,4.575e-05,0.020167611866030534,0.017971218320229007,0.0032821533900763357,0.012992514138167937,0.0020186287548594915
698,0.0025767837854961833,4.07453e-05,4.98281e-05,0.0,0.0,0.0,0.0,3.8125e-05,0.020254700389312978,0.018757412351145034,0.0025767837854961833,0.011745036584351144,0.0017346283498099904
699,0.001992089439312977,3.98155e-05,4.26031e-05,0.0,0.0,0.0,0.0,3.05e-05,0.02015492464503817,0.019388212097328248,0.001992089439312977,0.010519324139694657,0.0013441530074220543
700,0.0014415351633587786,3.88857e-05,3.53781e-05,0.0,0.0,0.0,0.0,2.2875e-05,0.019871292195419846,0.019867373242366412,0.0014415351633587786,0.009327930510305343,0.0010381482162339624
701,0.0008909808874045804,3.79559e-05,2.81531e-05,0.0,0.0,0.0,0.0,1.525e-05,0.01931821374045802,0.020167611866030534,0.0008909808874045804,0.00805710244961832,0.0007321434250458704
702,0.0003404266114503821,3.70261e-05,2.09281e-05,0.0,0.0,0.0,0.0,7.625e-06,0.01857648854961832,0.020254700389312978,0.0003404266114503821,0.006835495491603053,0.0004261386338577785
703,-0.00021012766450381618,3.60963e-05,1.37031e-05,0.0,0.0,0.0,0.0,0.0,0.017645837910305346,0.02015492464503817,-0.00021012766450381618,0.005844640204961832,0.00012013384266968655
704,-0.0007606819404580144,3.51665e-05,6.47813e-06,0.0,0.0,0.0,0.0,0.0,0.01857648854961832,0.019871292195419846,-0.0007606819404580144,0.004913842554961832,-0.0001858709485184054
