,Chla,APC,PC,B-car,Myx,Zea,Ech,HEch,Pheo
380,0.0130385382375,0.00039242738520954356,0.00020712962962963,0.016990418,0.004412188083908278,0.016865713,0.010256844,0.0071865633220338995,0.017441800200000003
381,0.013090750201785713,0.00038685684558620336,0.00020712962962963,0.016990418,0.004482853848277198,0.016865713,0.010256844,0.007341870101694915,0.01772174686666667
382,0.013142962166071427,0.0003812863059628631,0.00020712962962963,0.016990418,0.004553519612646117,0.016865713,0.010256844,0.007503638892123287,0.018001693533333335
383,0.01319517413035714,0.0003757157663395229,0.00020712962962963,0.016990418,0.004642879535279641,0.016865713,0.010256844,0.0077086534469178085,0.018457240798319334
384,0.013247386094642856,0.0003701452267161827,0.00020712962962963,0.016990418,0.004817401734451919,0.016865713,0.010256844,0.00791366800171233,0.018914561806722695
385,0.013283204733333331,0.00036457468700773694,0.00020712962962963,0.016990418,0.0049919239336241985,0.016865713,0.010256844,0.008118682556506851,0.019440900132075473
386,0.013307631399999999,0.0003590041472920701,0.00020712962962963,0.016990418,0.005166446132796477,0.016865713,0.010256844,0.008323697111301372,0.020011218764705872
387,0.013332058066666666,0.00035343360757640325,0.00020712962962963,0.016990418,0.005377812180722052,0.016865713,0.010256844,0.008528711666095895,0.020574407
388,0.013356484733333333,0.0003478630678607364,0.00020712962962963,0.016990418,0.005675147209071983,0.016865713,0.010256844,0.00872826150714286,0.021062748560483874
389,0.0133809114,0.0003422925281450696,0.00020712962962963,0.016990418,0.005972482237421914,0.016865713,0.010256844,0.008914432221428573,0.02147318847983871
390,0.013405338066666666,0.0003367219884294028,0.00020712962962963,0.016990418,0.006285807646200918,0.016865713,0.010256844,0.009100602935714285,0.021882857863636362
391,0.013526657271875,0.0003321410764965974,0.00020712962962963,0.016990418,0.006612216093512799,0.016865713,0.010256844,0.009286773649999998,0.02221624422727272
392,0.013659951959375,0.0003276846459912586,0.00020712962962963,0.016990418,0.00693862454082468,0.016865713,0.010256844,0.00948134806144067,0.022551022866995063
393,0.013793246646875,0.00032322821548591975,0.00020712962962963,0.016990418,0.00724193519431009,0.016865713,0.010256844,0.009760893188559317,0.02293081843349753
394,0.01400230760882353,0.0003187717849805809,0.0002064842432699579,0.016990418,0.0075452458477955,0.016870434162352937,0.010256844,0.010040438315677963,0.023310614
395,0.014245408491176472,0.00031431535447524203,0.00020473995581138477,0.016990418,0.007834332619328243,0.017342550397647056,0.010256844,0.01031998344279661,0.023510152345864663
396,0.014488509373529416,0.00031232365368408417,0.00020299566835281163,0.016990418,0.00809700361009175,0.01781466663294117,0.010256844,0.010599528569915254,0.02370969069172932
397,0.014791933248000008,0.0003107320713381383,0.00020125138089423846,0.017485663984693874,0.008359674600855255,0.01828678286823529,0.010256844,0.010913519557734206,0.023909229037593984
398,0.01524304444800001,0.0003091404889921924,0.00019950709343566532,0.018000151541871894,0.008623819746432258,0.018758899103529406,0.010491098031128403,0.011286161605664487,0.024108916677685947
399,0.01569415564800001,0.0003075489066462465,0.00019776280597709215,0.018975036270935948,0.008891574029656095,0.019153197568181814,0.0109020700155642,0.011658803653594767,0.024323384446280988
400,0.01616087156000001,0.00030595732430030063,0.000196018518518519,0.019949921,0.009159328312879932,0.019522922,0.011313042,0.012031445701525048,0.02453785221487603
401,0.01663173556000001,0.00030436574195435474,0.00019413614163614208,0.020345124940886705,0.009449518895524882,0.01993972776441103,0.011731601000000001,0.012404087749455329,0.024873848957055206
402,0.017107568194444454,0.00030277415960840886,0.00019225376475376515,0.02074032888177341,0.009783262294693182,0.020356533528822055,0.01215016,0.012753030638297864,0.02529429803680981
403,0.017595565416666674,0.000302489631,0.00019037138787138822,0.02149331053061225,0.010117005693861482,0.020773339293233082,0.012568719,0.013095289148936163,0.025646979212435226
404,0.018049114958333334,0.000302489631,0.0001884890109890113,0.0222551010940594,0.010522910250522675,0.021190950629629626,0.012972989234113712,0.013437547659574462,0.02599609624630541
405,0.018466810791666663,0.000302489631,0.00018660663410663436,0.0227935105,0.010937733601930184,0.021688313592592594,0.013377259468227423,0.013909209809523804,0.026321271123152704
406,0.01887795561874999,0.000302489631,0.0001841938345531162,0.0233319199059406,0.011422757811362077,0.0222087163220339,0.01378263027030033,0.014386263777777774,0.026646446
407,0.01922286249375,0.000302489631,0.0001813291934649222,0.02403065959183673,0.011923803919262602,0.02289807733898305,0.014296957300333698,0.014863317746031746,0.026767675875518673
408,0.019511646496000002,0.00030122703393578343,0.00017846455237672824,0.024724499492610824,0.012451495780058433,0.0235874383559322,0.014811284330367068,0.015250834925,0.026888905751037345
409,0.019742016896,0.0002996354503338767,0.00017559991128853424,0.025207549246305413,0.012979187640854291,0.024455452318181813,0.015325611360400438,0.01561734964722222,0.02681177014649682
410,0.019972387296,0.00029804386673196995,0.00017273527020034024,0.025690599,0.013506879501650183,0.025379883,0.015839938390433808,0.01598386436944444,0.026592921266666673
411,0.020098558657692306,0.00029645228313006323,0.00016912619206032402,0.026621560576354692,0.014056420471775532,0.026758605881355924,0.016354265420467178,0.01637517258644067,0.026184634600000006
412,0.02022367750384615,0.0002948606995281565,0.00016485695276114456,0.027552522152709383,0.014625489322055343,0.027840578090909087,0.01686859245050055,0.01685975156949152,0.02562035851162793
413,0.020319548203999997,0.0002932691159262498,0.0001605877134619651,0.02853333396428572,0.0152269842403052,0.028845507439739414,0.01738291948053392,0.017344330552542368,0.024178601163636366
414,0.020369671803999997,0.0002916775323243431,0.00015631847416278566,0.029513165520100495,0.01579332419761596,0.029663964768729643,0.01789724651056729,0.01781518543103448,0.023409002981818174
415,0.020419795403999998,0.0002888855943393387,0.0001520492348636062,0.030243317530150745,0.01633161761666176,0.030482422097719872,0.01841597577814568,0.01824697939655172,0.022282763984732848
416,0.020508952535,0.0002857024296474469,0.00014837037037037043,0.03097346954020099,0.016828807057758403,0.0313008794267101,0.019150414685430453,0.018678773362068957,0.02127879680916029
417,0.020602934035,0.0002825192649555551,0.00014523646723646732,0.03170362155025124,0.0172915520344822,0.03245035519387754,0.019884853592715225,0.019110567327586196,0.01985863762790695
418,0.020696915535,0.00027933610026366335,0.0001421025641025642,0.03391801808866993,0.017734921999996274,0.03358515317733989,0.020619292499999997,0.019487595484304922,0.018342119
419,0.020790897035,0.0002761529355717715,0.0001389686609686611,0.03479622104433496,0.0181400679605345,0.03413725908866994,0.021353731407284773,0.019849176874439454,0.01700207624137932
420,0.02114938053809524,0.00027296977087987975,0.000135834757834758,0.034622605,0.0185288322046545,0.034689365,0.022088170314569545,0.020210758264573987,0.01595951877011496
421,0.021540555300000007,0.000269786606187988,0.00013192443359110034,0.035641361157635484,0.018895662889275355,0.03524147091133006,0.022822609221854317,0.02057233965470852,0.01433788132558135
422,0.022070007373333346,0.0002675518694082526,0.00012799009632342967,0.03666011731527097,0.01924526006286117,0.035793576822660114,0.02333349461538462,0.021023234317073168,0.01258957393750004
423,0.022693820842857145,0.0002656950218726948,0.000124055759055759,0.03778476922959185,0.0195958310523567,0.03593116497306397,0.0238398176923077,0.021663919682926833,0.01067494085714286
424,0.023372461517647047,0.0002638381743371369,0.00012012142178808834,0.03890794823267326,0.019949854661895763,0.03605593298653199,0.024346140769230775,0.02234205830044843,0.009845655142857146
425,0.023991197988235284,0.00026198132680157907,0.00011618708452041767,0.0395610715,0.020303878271434823,0.036180700999999996,0.025069586115000007,0.023037821977578473,0.008523781243243258
426,0.02486123449999999,0.0002601244792660212,0.00011266447368421034,0.04021419476732674,0.02087343679413885,0.03630546901346801,0.025795224615000008,0.023714014987288128,0.007361621783783754
427,0.025431389074999998,0.00025826763173046336,0.00010953744314489914,0.04094110303571428,0.021429188486083245,0.03643023702693603,0.026520863115000008,0.02436628829237287,0.006372002813333307
428,0.025922181133333333,0.00025672717514688034,0.00010641041260558797,0.04166115496551723,0.021926377927179944,0.036554735733990144,0.02724650161500001,0.025014639312727256,0.0054598204045801305
429,0.02614094945625,0.00025533454059665074,0.00010328338206627678,0.04213542048275862,0.022497624257055385,0.036670526866995075,0.02797214011500001,0.02562333167636362,0.004690421303030293
430,0.026297585081249998,0.00025394190604642114,0.0001001563515269656,0.042609686,0.023173114586823473,0.036786318,0.028697778615000006,0.026232024039999982,0.004243785696969694
431,0.026183609629411766,0.0002525492714961915,9.75189933523267e-05,0.04303124363546799,0.02406174630057198,0.036955499773399014,0.029447900424040073,0.02685408929268291,0.0037971500909090954
432,0.025992654687500002,0.0002511566369459619,9.49074074074074e-05,0.04345280127093597,0.024952801213158755,0.03712468154679803,0.030198269539232058,0.02750211368292682,0.003359054011857713
433,0.0254590945,0.0002497640023957323,9.22958214624881e-05,0.04339621237755103,0.02573353504132998,0.03808702525510205,0.030948638654424043,0.028134515844290654,0.0029288405731225306
434,0.024539212824999997,0.0002483713678455027,8.96842355175688e-05,0.044075966009900984,0.02653293859147916,0.03907638042079207,0.03169900776961603,0.02876022276470588,0.002498627134387348
435,0.02316211697058823,0.00024697873329527305,8.707264957264952e-05,0.044517267,0.027537227809451028,0.040311322499999996,0.032449376884808014,0.029385929685121107,0.002254820358208952
436,0.02164541402941175,0.0002434321268776061,8.497293447293442e-05,0.044958567990099015,0.028769972677688663,0.04154626457920793,0.033199746,0.030102702000000002,0.002012896477611936
437,0.019408302699999967,0.00023865737856119699,8.340598290598286e-05,0.045737454464285704,0.02978790042308724,0.042709037943877544,0.03367465804013378,0.030791395608996543,0.00177097259701492
438,0.017163914518181774,0.0002338826302447879,8.18390313390313e-05,0.04651577764039407,0.03074677609882614,0.04387282110344824,0.034149570080267554,0.03139590806574395,0.001529048716417904
439,0.0149638581807692,0.00022910788192837878,8.027207977207975e-05,0.047165632320197035,0.03170074731294351,0.04509282455172412,0.03462596323706176,0.03200042052249136,0.0013999020705289646
440,0.012775586257692297,0.00022433313361196967,7.87051282051282e-05,0.047815487,0.03288276384592751,0.046312828,0.035248986943238726,0.03252100469491526,0.001274243380352643
441,0.010672814446666672,0.00021955838529556055,7.61402794736128e-05,0.048623515571428584,0.03378131012781795,0.04737250484729066,0.035872010649415684,0.03295066655932204,0.0011485846901763215
442,0.008934543113333337,0.00021478363697915144,7.351173517840183e-05,0.049431544142857164,0.03441130858988879,0.048432181694581314,0.03649503435559264,0.033374141304849884,0.001022926
443,0.007630026414285725,0.00020916320634500532,7.088319088319088e-05,0.05069985355102042,0.03477817160183264,0.049707484285714296,0.037118058061769606,0.033752243845265595,0.0009779123523573198
444,0.0065203849857143085,0.00020297371853759025,6.825464658797991e-05,0.051978310227722764,0.035113475321970136,0.05098943918055554,0.03774108176794656,0.0341303463856813,0.0009328987047146395
445,0.0056710196222222375,0.00019678423073017518,6.562610229276895e-05,0.052852033,0.035165888941278964,0.0521425095,0.038362598306666655,0.034508448926097,0.0008878850570719594
446,0.005002524066666679,0.00019059474292276008,6.350877192982456e-05,0.053725755772277235,0.0351903244187476,0.05290772925423729,0.038910263639999984,0.03488655146651271,0.0008428714094292791
447,0.004334028511111121,0.000184405255115345,6.194525666016893e-05,0.055022227418367334,0.035214759896216245,0.053183456372881355,0.03945792897333332,0.03543746359541986,0.0008083616231155771
448,0.00395815611935484,0.00017821576730792994,6.038174139051329e-05,0.0563058160098522,0.035167936521256556,0.05315806435960591,0.040008824579470186,0.03603431245038169,0.0007741766984924617
449,0.0036184506354838683,0.00017202627950051484,5.881822612085766e-05,0.0570347830049261,0.0350340189933289,0.05296210967980296,0.04071800355298012,0.03660890417796611,0.0007399917738693463
450,0.0032787451516128967,0.00016583679169309977,5.725471085120202e-05,0.05776375,0.03490010146540124,0.052766155,0.04142718252649006,0.037074828754237295,0.0007058068492462308
451,0.0030412145419999956,0.0001596473038856847,5.592830009496672e-05,0.05827310270935961,0.03478833273769185,0.05216873211864407,0.0421363615,0.03754075333050848,0.000705465
452,0.0028308443419999955,0.000155103735195495,5.46225071225071e-05,0.05878245541871923,0.03493127521249257,0.051349239547008534,0.04284554047350994,0.03800667790677966,0.000705465
453,0.0026204741419999953,0.00015192056922503177,5.331671415004748e-05,0.05919477481632653,0.03507421768729329,0.05035157967796609,0.04355471944701988,0.03866431243478261,0.000705465
454,0.0024101039419999956,0.00014873740325456854,5.201092117758785e-05,0.05959991223267327,0.0352226348453925,0.049102448991525396,0.044263898420529815,0.039415396406779664,0.0007054525321782178
455,0.0021997337419999955,0.00014555423728410534,5.0705128205128225e-05,0.0595911355,0.03563931148511803,0.047912599,0.04479342317739817,0.0401090540338983,0.00070420575
456,0.002054582847058821,0.0001423710713136421,4.934538330745919e-05,0.05958235876732673,0.03605598812484355,0.04652698235593221,0.045319281521682006,0.04080271166101694,0.0007029589678217822
457,0.0019267687294117631,0.00013918790534317888,4.7922303541066054e-05,0.05915002386734695,0.03662595728906837,0.04500207733898306,0.04584513986596584,0.041866590693877576,0.0007017121856435644
458,0.0017989546117647048,0.00013600473937271565,4.6499223774672915e-05,0.058710699812807896,0.0372905361312472,0.04354341418823531,0.046370998210249675,0.04272531728695654,0.0007004654034653465
459,0.0016711404941176468,0.00013387344107070224,4.507614400827978e-05,0.05818372690640395,0.03822187978556496,0.04270228003389831,0.04689685655453352,0.043559228591304365,0.0007348149874371868
460,0.0015433263764705885,0.00013275933343328837,4.365306424188664e-05,0.057656754,0.03936662923071724,0.041287395,0.04742271489881735,0.044297432936305746,0.0007702654899497494
461,0.0014539481000000003,0.00013164522579587446,4.28703703703704e-05,0.0569980633596059,0.0404354987436701,0.040609372762711864,0.047948573243101186,0.04497573567796612,0.000805715992462312
462,0.0013818381000000005,0.00013053111815846056,4.28703703703704e-05,0.0563393727192118,0.041982469790886275,0.040282083017094024,0.04835041275514874,0.045684952627118657,0.0008411664949748747
463,0.001309728100000001,0.00012941701052104665,4.28703703703704e-05,0.05538580334666664,0.043462118923322635,0.040005531372881355,0.04854108506636155,0.046394169576271196,0.0008690962311557791
464,0.0012376181000000011,0.00012830290288363277,4.28703703703704e-05,0.05436429646610167,0.04489729961359024,0.039946281375,0.04873175737757437,0.04687458189265537,0.0008969500000000001
465,0.0011655081000000013,0.00012718879524621887,4.28703703703704e-05,0.05338042547727272,0.046080224719685335,0.040131143875,0.04892242968878718,0.047247321440677975,0.000924803768844221
466,0.0010933981000000015,0.00012607468760880496,4.28703703703704e-05,0.05265108229545456,0.0469716010849577,0.04057628590677965,0.049113102,0.047620061502824856,0.0009524912574257425
467,0.001023568959322035,0.00012496057997139106,4.28703703703704e-05,0.0519719497062147,0.04762019545496738,0.04120083033898305,0.049289135,0.047971822344594586,0.000963717
468,0.0009768018406779671,0.00012384647233397715,4.28703703703704e-05,0.05133734349152543,0.04810935131443057,0.04189228495726497,0.049465168000000004,0.048194710520270266,0.0009749427425742575
469,0.0009300347220338991,0.0001228163895811657,4.28703703703704e-05,0.05097721470454546,0.048586693236639646,0.04271063627118644,0.049641201,0.048417598695945946,0.000986168485148515
470,0.0008832676033898311,0.00012188796655152623,4.28703703703704e-05,0.050703763,0.04905436921018627,0.043763948999999996,0.049660866217391304,0.048613782552542374,0.0009973942277227725
471,0.0008365004847457632,0.00012095954352188675,4.28703703703704e-05,0.050563209305418716,0.04931722262853474,0.04470421326271189,0.04968053143478261,0.0486883134,0.000992818364321608
472,0.0007897333661016951,0.00012003112049224729,4.28703703703704e-05,0.05042265561083744,0.04949641612997128,0.04574541823931625,0.04969937370666667,0.048762844247457623,0.0009877537914572863
473,0.0007478166254237289,0.00011910269746260781,4.28703703703704e-05,0.050515518183673475,0.04919186952520956,0.04661242132203391,0.04963674437333333,0.04878594881016949,0.0009826892185929646
474,0.0007265778118644067,0.00011817427443296833,4.28703703703704e-05,0.05061724691089109,0.048753403392115625,0.04747273574576272,0.04957411504,0.04863688711525423,0.0009776246457286432
475,0.0007053389983050847,0.00011724585140332885,4.28703703703704e-05,0.050882038000000004,0.04826049192947907,0.047749172068376075,0.04950931972758621,0.048487825420338984,0.0009713069020100502
476,0.0006841001847457625,0.00011631742837368939,4.343186134852806e-05,0.05114682908910891,0.047380215471661574,0.04797741508474576,0.0492300924862069,0.04833254860124611,0.0009649764999999999
477,0.0006628613711864404,0.00011538900534404991,4.4737654320987694e-05,0.051554702183673466,0.04634746109492692,0.04783950745762712,0.04895086524482758,0.04816129003426792,0.0009586460979899498
478,0.0006416225576271183,0.00011446058231441043,4.604344729344733e-05,0.05195674666995074,0.04539313801960918,0.047483692034090905,0.048673108734627824,0.04799003146728972,0.0009522664640198513
479,0.0006202775999999996,0.00011353215928477096,4.734924026590697e-05,0.052123602334975365,0.044430090314227996,0.047031609491525427,0.04840725177669903,0.047823720984756096,0.0009410128660049628
480,0.0005986727724137927,0.00011260373625513148,4.865503323836661e-05,0.052290458,0.043472682692689175,0.0460416615,0.04814139481877023,0.047723149338414636,0.0009297592679900744
481,0.0005770679448275859,0.000112033197,4.996082621082625e-05,0.05229924272906404,0.04252222411926337,0.044938665737288115,0.04787792132236842,0.04762257769207317,0.000918505669975186
482,0.000555463117241379,0.000112033197,5.138038737340137e-05,0.05230802745812808,0.041206220239911245,0.0437055627179487,0.04773123744078947,0.0475220060457317,0.0009072520719602976
483,0.0005338582896551721,0.000112033197,5.280346713979449e-05,0.05207005751530612,0.039629712560182905,0.042008921428571426,0.04758455355921053,0.047535740228915664,0.0009119905276381911
484,0.0005122534620689654,0.000112033197,5.4226546906187606e-05,0.051821440133663375,0.038943457092942585,0.03987650817692309,0.047437869677631576,0.04757985950602409,0.000917055351758794
485,0.000501235,0.000112033197,5.5649626672580726e-05,0.051274253500000005,0.038204125816265304,0.0379714258692308,0.047273928859999995,0.047645836085106384,0.000922120175879397
486,0.000501235,0.000112033197,5.7072706438973845e-05,0.05072706686633663,0.03746039750206346,0.03515514756944442,0.04710963586,0.04776281303546099,0.000927185
487,0.000501235,0.000112033197,5.8495786205367e-05,0.04958693276530613,0.03682175284371934,0.032703629346938795,0.04694534286,0.0478797899858156,0.0009957854950495045
488,0.000501235,0.000112033197,5.991886597176015e-05,0.0484409408029557,0.03635173222454048,0.030277148604166717,0.046622233182424914,0.04808970003389831,0.0010643859900990092
489,0.000501235,0.000112033197,6.134194573815331e-05,0.04729920090147784,0.03608896597903569,0.02841923540972227,0.046295882348164626,0.04840028760451977,0.001132986485148514
490,0.000501235,0.000112033197,6.276502550454646e-05,0.046157461,0.03605991211235481,0.025542509,0.04596953151390434,0.04864914504745762,0.0012015869801980184
491,0.000501235,0.000112033197,6.418810527093962e-05,0.044611782674876824,0.03624310340469377,0.023612333576271197,0.04564318067964405,0.04887278877627118,0.0013295651928933985
492,0.000501235,0.000112033197,6.698066829304354e-05,0.04306610434975365,0.03661451210220128,0.02155450464957269,0.04531682984538376,0.04909643250508474,0.001460017477157358
493,0.000501235,0.000112033197,6.984530938123751e-05,0.040699226755102014,0.03706887569652185,0.01980708532317076,0.04499047901112347,0.04929176455932203,0.0015904697614213174
494,0.000501235,0.000112033197,7.27099504694315e-05,0.03831383993069309,0.03772633576235025,0.0182384999846154,0.04466412817686318,0.04947815608474576,0.0017210661578947342
495,0.000501235,0.000112033197,7.557459155762547e-05,0.036610433,0.0386745789812064,0.01633349844615388,0.04433777734260289,0.04960855791983122,0.0018587240526315761
496,0.000501235,0.000112033197,7.843923264581945e-05,0.034907026069306915,0.03962498300292605,0.013677610874999973,0.0440114265083426,0.04965497521940928,0.001996381947368418
497,0.000501235,0.000112033197,8.129185185185184e-05,0.03234154511224492,0.0405751100698296,0.012360567785714299,0.043292824181818186,0.04969300983474577,0.00213403984210526
498,0.000501235,0.000112033197,8.41437037037037e-05,0.029789779995073942,0.041442043495893754,0.011063895891625649,0.04257025971900827,0.049460004326271186,0.0022699253836633644
499,0.000501235,0.000112033197,8.699555555555556e-05,0.027963046497536972,0.04210448431979663,0.009888458945812825,0.041797634647865865,0.04922699881779661,0.0023485048391089095
500,0.000501235,0.000112033197,8.984740740740742e-05,0.026136313,0.04263621864948571,0.008713022,0.04098724455640245,0.048837966491525414,0.002427084294554455
501,0.000501235,0.000112033197,9.269925925925929e-05,0.024485219896551703,0.04307275339924787,0.008037972877192984,0.04017685446493904,0.048356857762711855,0.00250566375
502,0.000501235,0.000112033197,9.654597467668764e-05,0.022834126793103402,0.04333233610994455,0.007362923754385968,0.03936646437347562,0.04785990013559321,0.002584243205445545
503,0.000501235,0.000112033197,0.00010045619202383367,0.020561165938775487,0.04311384996186888,0.006687874631578952,0.0385560742820122,0.047355805694323135,0.0026412905263157897
504,0.000501235,0.000112033197,0.00010436640937097968,0.01827874325247526,0.04246073767359357,0.006011521975247532,0.03774568419054879,0.0468489358253275,0.0026981203508771932
505,0.000501235,0.000112033197,0.0001082766267181257,0.0169636685,0.04161077840834147,0.0052061195,0.03693021509333335,0.04627078784810126,0.0027549501754385963
506,0.000501235,0.000112033197,0.00011218684406527172,0.01564859374752474,0.040476162366731884,0.004400717024752468,0.03561192442666668,0.045598154936708844,0.00281178
507,0.000501235,0.000112033197,0.0001164782254782254,0.014041511683673484,0.0393675864215154,0.004054831056122452,0.03429363376000001,0.044814503796296284,0.0027662023618090456
508,0.000501235,0.0001125084892946778,0.00012119943019943021,0.012448691246305448,0.03805351674013388,0.0037167696439024457,0.03297718235058431,0.0440112612037037,0.002720624723618091
509,0.0005069428026666667,0.00011453413954268998,0.00012592063492063504,0.011412366123152724,0.03660628805045261,0.003481624440650412,0.03184281740901503,0.043133594661016954,0.0026750470854271366
510,0.0005369838693333336,0.00011655978979070216,0.00013064183964183986,0.010376041,0.034973278569307605,0.0032464792373983788,0.030708452467445756,0.042200868067073176,0.0026267619326683328
511,0.0005670249360000004,0.00011858544003871435,0.00013536304436304468,0.009445125236453189,0.03309840699942154,0.0030113340341463455,0.029574087525876473,0.041247366237804874,0.0024458085660847913
512,0.0005970660026666673,0.00012061109028672651,0.0001409776742810677,0.008514209472906379,0.031533047782766506,0.002776188830894312,0.028439722584307194,0.040366774457627104,0.0022648551995012494
513,0.0006271070693333342,0.0001226367405347387,0.0001466699933466401,0.007568669423469379,0.02964900653374301,0.0025410436276422786,0.027305357642737914,0.039462902254237264,0.002083901832917708
514,0.0006571481360000012,0.00012466239078275088,0.0001523623124122125,0.006626400143564361,0.02868063939997815,0.002305898424390245,0.02616596255921055,0.03825145479661021,0.0019034701042183635
515,0.000687189202666668,0.00012668804103076306,0.0001580546314777849,0.0060527145000000004,0.02648777782735711,0.002196564195467422,0.024780090519736852,0.03764021728813562,0.001774680526054591
516,0.0007172302693333348,0.00012871369127877524,0.0001637469505433573,0.005479028856435639,0.024871161079395535,0.0021043860084985827,0.02339421848026315,0.03708117194915257,0.0016458909478908183
517,0.0007519733558823543,0.00013073934152678742,0.00017062505659693887,0.004869947107142863,0.022695068822965143,0.0020122078215297433,0.02200834644078945,0.03601765796610174,0.0015171013697270457
518,0.0007888289441176473,0.00013276499177479958,0.0001776204382866972,0.004267461802955675,0.02110174657626638,0.0019038314468085079,0.02088289201777776,0.03458945667088606,0.001388311791563273
519,0.0008256845323529405,0.00013540456149776088,0.00018461581997645553,0.0038898219014778376,0.019659660872234683,0.001765372723404254,0.01976275223999998,0.03355791625925925,0.0013236975678391951
520,0.0008625053975609744,0.00014097510074818445,0.00019161120166621384,0.003512182,0.018153606662685888,0.001626914,0.0186426124622222,0.032766101444444466,0.0012603930452261302
521,0.0008992412512195118,0.00014654563999860802,0.00019872015228801645,0.003257490374384233,0.01634357391825977,0.00158742613592233,0.017522472684444425,0.03198356947101453,0.001197088522613065
522,0.0009359771048780492,0.0001521161792490316,0.00020585403267538976,0.0030027987487684657,0.015184687060762442,0.0015479382718446603,0.016401180329621363,0.031195046324840815,0.001133784
523,0.0009727129585365866,0.00015768671849945517,0.00021298791306276308,0.0027569294642857123,0.014003751119481057,0.0015084504077669905,0.015278639349665907,0.030058892821656056,0.001161292436724566
524,0.0010056893389830516,0.00016325725774987877,0.00022012179345013637,0.0025114166854838735,0.012579846609777135,0.0014689625436893206,0.014156098369710452,0.02908264895505616,0.0011888008734491319
525,0.0010226384915254243,0.00016882779700030235,0.00022725567383750968,0.002274185233870972,0.011392611279215698,0.0014420962843894902,0.013033557389754999,0.028279640528089855,0.0012163093101736978
526,0.001039587644067797,0.00017439833625072592,0.00023706233062330577,0.00203695378225807,0.010427084460113553,0.0014169511530139106,0.011911016409799545,0.027386443197740105,0.0012438177468982636
527,0.0010565367966101696,0.00017978993366847266,0.00024749593495934944,0.0018676045986394576,0.00946712130095353,0.001391806021638331,0.011407966259999996,0.02645459348022603,0.001351810882352944
528,0.0010734859491525423,0.00018396783843791157,0.00025792953929539307,0.0017584528979591833,0.00853702969695822,0.0013666608902627518,0.010911173593333328,0.025753869779661043,0.0014665811352657036
529,0.001090435101694915,0.00018814574320735047,0.0002683631436314367,0.001649301197278909,0.007756295868787,0.0013415157588871722,0.010414380926666661,0.025082959203389852,0.0016199424879227047
530,0.001102469,0.00019232364797678938,0.00027807855107855135,0.0015644357499999982,0.007109575768713877,0.0013163706275115927,0.009800380866444068,0.024477235474576295,0.0017742187027026976
531,0.001102469,0.00019650155274622826,0.00028750061050061056,0.0014964471906779644,0.0064523227836748125,0.001288924981096409,0.009185196893155254,0.02387151174576274,0.001958075459459452
532,0.001102469,0.00020067945751566716,0.0002969226699226698,0.001431543554421768,0.005811213026750499,0.0012581688374291122,0.008570012919866442,0.023104330841807942,0.0021187591054687453
533,0.001102469,0.00020485736228510607,0.00030634472934472893,0.0013769677040816328,0.00520971810850068,0.0012274126937618151,0.007954828946577628,0.02230004538135595,0.002260482933593748
534,0.0010997838071428563,0.00020903526705454498,0.0003159322493224926,0.0013223918537414977,0.004736166566449641,0.001196656550094518,0.0073396449732888135,0.021601158093220364,0.002402206761718751
535,0.0010699483309523803,0.0002134854747973339,0.000326388437217705,0.0012678150170068042,0.004284029020825891,0.0011659004064272212,0.006724461,0.020902270805084774,0.002403624
536,0.0010401128547619044,0.00022091286104385555,0.00033684462511291736,0.001213235765306123,0.003935919494787252,0.0011355204736842102,0.0062966325719063555,0.020172167005649742,0.002403624
537,0.0010102773785714285,0.0002283402472903772,0.00034730081300812977,0.0011586565136054417,0.003587809968748613,0.0011078994210526314,0.005868804143812712,0.01942668790960454,0.0023297572694610815
538,0.0009804419023809526,0.00023576763353689884,0.00035795380545380505,0.0011072711614730868,0.0032956770202887792,0.0010802783684210524,0.005442016642936599,0.01884899919491527,0.0022206453939393953
539,0.0009459551760000004,0.00024319501978342049,0.00037169006919006886,0.0010618173371104802,0.0030232115180052815,0.0010526573157894734,0.005118280936596221,0.018289953855932222,0.0020635847878787855
540,0.0009108935760000005,0.00025062240602994213,0.0003854263329263326,0.0010163635127478736,0.002750746015721784,0.0010250362631578943,0.004794545230255843,0.017680530864406803,0.001906524181818176
541,0.0008758319760000005,0.0002580497922764638,0.00039916259666259644,0.0009709096883852669,0.002535716703027669,0.0009974152105263153,0.004470809523915466,0.017028193576271215,0.0016840707368420975
542,0.0008407703760000005,0.0002654771785229854,0.0004122515808491418,0.0009378562684310008,0.002335955238199089,0.0009708393829787231,0.004147073817575088,0.0163926441864407,0.0014335917894736819
543,0.0008057087760000005,0.00027290456476950707,0.0004244467028003616,0.0009075248884688083,0.0021361937733705093,0.0009477627872340424,0.0038233381112347097,0.015833573,0.0012846541791044755
544,0.0007647031880952381,0.0002804097519424271,0.00043664182475158136,0.000877193508506616,0.0019445475411325227,0.0009246861914893618,0.0034996024048943317,0.015274501813559297,0.0011367422388059675
545,0.0007229629499999993,0.0002901581959103559,0.00044883694670280115,0.0008468621285444236,0.0018124130145588855,0.0009016095957446812,0.0031758666985539537,0.014745973820338964,0.0009888302985074594
546,0.0006812227119047605,0.00029990663987828465,0.00046277879527879633,0.0008165307485822312,0.001680278487985248,0.0008785330000000006,0.002852130992213576,0.014224150430508464,0.0008409183582089513
547,0.0006394824738095218,0.00030965508384621344,0.00048043243793243845,0.000802275,0.0015481439614116106,0.0008554564042553199,0.0025307780000000035,0.013702327040677963,0.000787356592964823
548,0.0006295538982758623,0.00031940352781414217,0.0004980860805860806,0.000802275,0.0014160094348379731,0.0008323798085106393,0.0023261780000000012,0.013245358464406784,0.0007367128743718584
549,0.0006339175189655174,0.00032915197178207096,0.0005157397232397228,0.000802275,0.0013118328669433227,0.000813457,0.0021215779999999985,0.012798080837288147,0.0006860691557788938
550,0.0006382811396551725,0.0003389004157499997,0.000533843101343101,0.000802275,0.0012324492058017385,0.000813457,0.0019169779999999963,0.01235080321016951,0.0006354254371859292
551,0.0006426447603448276,0.0003486488597179285,0.00055215811965812,0.000802275,0.0011530655446601542,0.000813457,0.0017403756199999968,0.011916083343661985,0.000634919
552,0.0006470083810344827,0.00035839730368585727,0.0005704731379731388,0.000802275,0.00107368188351857,0.000813457,0.0015643446199999967,0.011482455456338036,0.000634919
553,0.0006513720017241379,0.00036952282213948367,0.0005900447700447704,0.000802275,0.000994298222376986,0.000813457,0.0013883136199999968,0.011048827569014086,0.000634919
554,0.0006995958380952381,0.0003806639007788207,0.0006096825396825394,0.000802275,0.0009155643891776845,0.000813457,0.0012774519666666647,0.010614748022598867,0.0006349813613861385
555,0.0007532406000000009,0.0003918049794181578,0.0006293203093203084,0.000802275,0.0008686721251502695,0.000813457,0.001167920299999998,0.01017989943502824,0.0006412175
556,0.0008068853619047637,0.00040294605805749485,0.0006501672093338747,0.000802275,0.0008217798611228545,0.000813457,0.0010583886333333313,0.009745050847457614,0.0006474536386138614
557,0.0008605301238095264,0.0004140871366968319,0.0006737053995387326,0.000802275,0.0007748875970954394,0.000813457,0.0009544376794657745,0.009310202259886989,0.0006536897772277229
558,0.0009534508647058863,0.00042522821533616897,0.0006972435897435906,0.000802275,0.0007279953330680244,0.000813457,0.0008506006176961586,0.008971106263922505,0.0006599259158415843
559,0.0010640173352941186,0.0004363692939755061,0.0007223161714828394,0.000802275,0.0006811030690406093,0.000813457,0.0007467635559265428,0.008651622244552045,0.0006699385150753771
560,0.001174583805882351,0.0004475103726148431,0.0007484998643331986,0.000802275,0.0006344072524729034,0.000813457,0.000642926494156927,0.008332138225181585,0.0006800679120603018
561,0.0012838978848484814,0.0004586514514252129,0.0007746835571835577,0.000802275,0.0006071597344164151,0.000813457,0.000539089432387311,0.008012654205811124,0.0006901973090452263
562,0.0013901457636363618,0.00046979253024570294,0.0007985455528521225,0.000802275,0.0005799122163599267,0.000813457,0.0004352523706176952,0.0077341690338982964,0.0007003267060301508
563,0.001496393642424242,0.00048093360906619295,0.0008219978372533118,0.000802275,0.0005526646983034385,0.000813457,0.000434214,0.0074732547966101645,0.0006841330477386934
564,0.0016026415212121222,0.000492074687886683,0.0008463297438407572,0.000802275,0.0005254171802469502,0.000813457,0.000434214,0.0072123405593220325,0.0006676735
565,0.0016863494357142856,0.000503215766707173,0.0008777785935715455,0.000802275,0.0004981696621904619,0.000813457,0.000434214,0.006902509669491527,0.0006512139522613066
566,0.0017698296738095228,0.0005143568455276631,0.0009092274433023338,0.000802275,0.00047092214413397356,0.000813457,0.000434214,0.006576373228813563,0.0006345813995037224
567,0.00185330991190476,0.0005254979243481531,0.0009340598290598295,0.000802275,0.0004458489966385644,0.000813457,0.000434214,0.0063047474406779675,0.0006008213498759306
568,0.0019367901499999973,0.0005395198573254855,0.0009576319359652696,0.000802275,0.00042135384638091074,0.000813457,0.000434214,0.0061183819039548025,0.0005670613002481388
569,0.00198265134047619,0.0005538441022747127,0.0009827473482872547,0.000802275,0.00039685869612325695,0.000813457,0.0004302892508361204,0.005932016367231637,0.0005333012506203471
570,0.0020185125309523807,0.0005681683472239399,0.00102034950443401,0.000802275,0.0003723635458656033,0.000813457,0.00042636450167224084,0.005745650830508471,0.0004995412009925553
571,0.002054373721428572,0.0005824925921731672,0.0010579516605807656,0.000802275,0.00034786839560794954,0.000813457,0.00042243988000000005,0.005495918610169489,0.0004827353969849244
572,0.002090234911904763,0.0005968168371223944,0.0010756643052448405,0.000802275,0.0003233732453502958,0.000813457,0.00041852788000000003,0.005235004033898307,0.0004662755979899496
573,0.0021024263293103447,0.0006111410820716217,0.0010929710415113103,0.000802275,0.00030590835959874013,0.000813457,0.00041461588,0.004974089457627125,0.0004498157989949748
574,0.0020981692603448277,0.000625465327020849,0.00111027777777778,0.000802275,0.00029637121892852827,0.000813457,0.00041062564666666674,0.004780269016949155,0.000433356
575,0.0020939121913793103,0.0006453023151149482,0.001137095565465131,0.000802275,0.0002868340782583164,0.000813457,0.00039889031333333345,0.004593903480225989,0.0004219617788944724
576,0.0020896551224137932,0.0006659928891540215,0.0011639133531524822,0.000802275,0.0002772969375881045,0.000813457,0.0003871549800000001,0.004407537943502824,0.00041056755778894484
577,0.0020853980534482758,0.0006866834631930949,0.0011906255347756967,0.000802275,0.00026775979691789263,0.000813457,0.0003754584983277593,0.0042325125746478865,0.0003991733366834172
578,0.0020811409844827588,0.0007073740372321682,0.00120688271604938,0.000802275,0.0002582226562476807,0.000813457,0.00036760833110367904,0.004077647504225354,0.000388007
579,0.002049171033333334,0.0007280646112712415,0.0012231398973230633,0.000802275,0.000254026314352787,0.000813457,0.00035975816387959875,0.0039227824338028214,0.000388007
580,0.002009834366666667,0.0007487551853103149,0.0012393970785967467,0.000802275,0.000254026314352787,0.000813457,0.00035190852666666677,0.0037679173633802894,0.000388007
581,0.0019704976999999992,0.0007694457593493882,0.0012584520417853742,0.000802275,0.000254026314352787,0.000813457,0.0003440848600000001,0.0036522325108958894,0.000388007
582,0.001931161033333332,0.0008006638990530094,0.0012775641025641023,0.000802275,0.000254026314352787,0.000813457,0.00033626119333333347,0.003545738079903153,0.000388007
583,0.0018918243666666648,0.0008340871376239899,0.0012966761633428307,0.000802275,0.000254026314352787,0.000813457,0.00032836238157894754,0.003439243648910417,0.00039925900751879706
584,0.0018450447159999973,0.0008675103761949704,0.0013158874575058166,0.000802275,0.000254026314352787,0.000813457,0.00031678146052631584,0.0033327492179176807,0.00041062467167919805
585,0.0017949211159999973,0.0009009336147659508,0.001336239935587763,0.000802275,0.000254026314352787,0.000813457,0.00030520053947368414,0.0032081493341404423,0.000421990335839599
586,0.0017447975159999973,0.000931369298994192,0.0013565955343364207,0.000802275,0.000254026314352787,0.000813457,0.00029361961842105244,0.003075029237288142,0.000433356
587,0.0016946739159999973,0.0009610788416631172,0.0013772600790895066,0.000802275,0.000254026314352787,0.000813457,0.00028188704666666644,0.0029419091404358417,0.00046086493300248155
588,0.0016445503159999973,0.0009907883843320426,0.0013979246238425922,0.000802275,0.000254026314352787,0.000813457,0.0002701513799999998,0.002808789043583541,0.0004883738660049631
589,0.0016331699071428574,0.001023423237538589,0.001418589168595678,0.000802275,0.000254026314352787,0.000813457,0.0002584157133333331,0.002697635564971755,0.0005158827990074448
590,0.0016391958595238097,0.0010568464722952968,0.0014391652153721104,0.000802275,0.000254026314352787,0.000813457,0.00024279565551839442,0.002604454774011302,0.0005433917320099264
591,0.001645221811904762,0.0010902697070520044,0.0014593091837919415,0.000802275,0.000254026314352787,0.000813457,0.00022709632441471553,0.002511273983050849,0.0006054684887218061
592,0.0016512477642857144,0.0011129564292787727,0.0014794531522117726,0.000802275,0.000254026314352787,0.000813457,0.00021139699331103665,0.00241809317161017,0.0006686143533834602
593,0.001695226316666667,0.0011324533176993445,0.0014995971206316037,0.000802275,0.000254026314352787,0.000813457,0.00019565079999999985,0.0023249103326271198,0.0007317602180451141
594,0.001778706554761904,0.0011519502061199166,0.0015230674264007603,0.000802275,0.000254026314352787,0.000813457,0.0001799041333333332,0.00223172749364407,0.000794906082706768
595,0.0018621867928571413,0.0011714470945404884,0.0015466056166056172,0.000802275,0.000254026314352787,0.000813457,0.00016415746666666653,0.0021385446546610194,0.0008966712010050266
596,0.0019456670309523786,0.0011860788370654676,0.0015713153833658226,0.000802275,0.000254026314352787,0.000813457,0.00014855566889632099,0.002045361815677969,0.0009992244673366845
597,0.0020401980454545416,0.0011990767623560395,0.0015995398797920728,0.000802275,0.000254026314352787,0.000813457,0.0001329553344481605,0.0019611866920903973,0.0011017777336683422
598,0.002161784409090907,0.0012120746876466111,0.0016277643762183233,0.000802275,0.000254026314352787,0.000813457,0.000117355,0.0018990649406779674,0.001204331
599,0.002283370772727272,0.001225072612937183,0.001662163077174091,0.000802275,0.000254026314352787,0.000813457,0.00010560333333333333,0.0018369431892655374,0.0013167302481203005
600,0.0024049571363636375,0.0012380705382277547,0.0016967527329091222,0.000802275,0.000254026314352787,0.000813457,9.385166666666667e-05,0.0017748214378531075,0.001429129496240601
601,0.002522157716279072,0.0012510684635183263,0.0017263603988604,0.000802275,0.000254026314352787,0.000813457,8.21e-05,0.001719355588377724,0.0015415287443609014
602,0.002639313995348841,0.0012600829861669893,0.0017538329263329267,0.000802275,0.000254026314352787,0.000813457,7.427391304347828e-05,0.001666108372881356,0.0016534986090225557
603,0.00275647027441861,0.0012675103718342209,0.0017847158365261822,0.000802275,0.000254026314352787,0.000813457,6.644782608695657e-05,0.0016128611573849878,0.0017229595112781947
604,0.002873626553488378,0.0012749377575014523,0.0018160637989086278,0.000802275,0.000254026314352787,0.000813457,5.86606666666667e-05,0.0015596139418886197,0.0017924204135338336
605,0.0029733511700000053,0.0012823651431686839,0.0018474117612910736,0.000802275,0.000254026314352787,0.000813457,5.472733333333337e-05,0.001500936620300752,0.0018618813157894726
606,0.0030652441700000053,0.0012897925288359153,0.00187748225770681,0.000802275,0.000254026314352787,0.000813457,5.0794000000000036e-05,0.0014389311691729329,0.0019306015742574254
607,0.0031571371700000054,0.0012972199145031469,0.0019071006706294776,0.000802275,0.000254026314352787,0.000813457,4.69e-05,0.001376925718045114,0.001963030287128713
608,0.0032490301700000054,0.0013039241230648237,0.001942689757658894,0.000802275,0.000254026314352787,0.000813457,4.69e-05,0.001314920266917295,0.001995459
609,0.0033409231700000054,0.0013102904537271786,0.0019782788446883106,0.000802275,0.000254026314352787,0.000813457,4.69e-05,0.001252914815789476,0.001972321755102041
610,0.0033925993534482776,0.0013166567843895336,0.002023840550108934,0.000802275,0.000254026314352787,0.000813457,4.69e-05,0.0012025222711864415,0.0019483094342431777
611,0.0034262071120689666,0.0013230231150518886,0.002074172064441124,0.000802275,0.000254026314352787,0.000813457,4.69e-05,0.0011792265084745767,0.0019032952903225819
612,0.003459814870689656,0.0013293894457142436,0.002117271217405747,0.000802275,0.000254026314352787,0.000813457,4.69e-05,0.001155930745762712,0.001858281146401986
613,0.0034934226293103455,0.0013357557763765985,0.00216037037037037,0.000802275,0.000254026314352787,0.000813457,4.69e-05,0.001132634983050847,0.0018132670024813902
614,0.0035270303879310345,0.0013421221070389535,0.0021983202921231106,0.000802275,0.000254026314352787,0.000813457,4.69e-05,0.0011093392203389823,0.0017678652431761793
615,0.003560638146551724,0.0013491701210837368,0.0022476175213675224,0.000802275,0.000254026314352787,0.000813457,4.69e-05,0.0010799020261941436,0.0016840895607940448
616,0.0035522455439024395,0.0013565975067509682,0.002304637631458617,0.000802275,0.000254026314352787,0.000813457,4.69e-05,0.0010460175885978417,0.0016003138784119102
617,0.0035386618853658542,0.0013640248924181998,0.0023374451303154998,0.000802275,0.000254026314352787,0.000813457,4.69e-05,0.0010121331510015395,0.0015165381960297757
618,0.003525078226829269,0.0013714522780854312,0.002367564882400648,0.000802275,0.000254026314352787,0.000813457,4.69e-05,0.0009782487134052376,0.001432762513647641
619,0.0035114945682926837,0.0013788796637526626,0.0023935770248270237,0.000802275,0.000254026314352787,0.000813457,4.69e-05,0.0009443642758089356,0.0013640855326633157
620,0.003456741633333335,0.001386307049419894,0.002417132173382173,0.000802275,0.000254026314352787,0.000813457,4.69e-05,0.0009104798382126337,0.0012957166884422105
621,0.0033910449666666675,0.001395995846583119,0.0024413812366085095,0.000802275,0.000254026314352787,0.000813457,4.69e-05,0.000877064558018252,0.0012273478442211053
622,0.0033253482999999993,0.00140713692664805,0.00246824074074074,0.000802275,0.000254026314352787,0.000813457,4.69e-05,0.0008483929804432849,0.001158979
623,0.0032596516333333317,0.001418278006712981,0.002484444444444444,0.000802275,0.000254026314352787,0.000813457,4.69e-05,0.0008197214028683177,0.0011252189503722083
624,0.0031834626595238073,0.0014294190867779118,0.0024966310541310543,0.000802275,0.000254026314352787,0.000813457,4.69e-05,0.0007910498252933506,0.0010914589007444163
625,0.0030999824214285703,0.0014405601668428427,0.0025,0.000802275,0.000254026314352787,0.000813457,4.69e-05,0.0007623782477183835,0.0010576988511166246
626,0.003016502183333333,0.001456556018073306,0.0024968660968660962,0.000802275,0.000254026314352787,0.000813457,4.69e-05,0.0007337066701434164,0.0010239388014888328
627,0.0029330219452380958,0.0014760529060091631,0.002481167073667074,0.000802275,0.000254026314352787,0.000813457,4.69e-05,0.0007050350925684492,0.001011872874371859
628,0.002858827328571429,0.0014955497939450205,0.002461428376906319,0.000802275,0.000254026314352787,0.000813457,4.69e-05,0.0006763635149934821,0.0010004778994974872
629,0.0027991563761904756,0.0015150466818808776,0.002434798534798535,0.000802275,0.000254026314352787,0.000813457,4.69e-05,0.0006541497775090695,0.0009890829246231153
630,0.0027394854238095225,0.0015381742750889805,0.0023871384157880494,0.000802275,0.000254026314352787,0.000813457,4.69e-05,0.0006408540096735193,0.0009776879497487435
631,0.002679814471428569,0.0015641701256701244,0.0023350297377669623,0.000802275,0.000254026314352787,0.000813457,4.69e-05,0.0006275582418379691,0.0009936660446650126
632,0.002637149740476192,0.0015901659762512686,0.0022713179237631776,0.000802275,0.000254026314352787,0.000813457,4.69e-05,0.0006142624740024189,0.0010099206352357324
633,0.002666985216666668,0.001623205395799283,0.0021850529100529066,0.000802275,0.000254026314352787,0.000813457,4.69e-05,0.0006009667061668687,0.0010261752258064521
634,0.002696820692857144,0.0016621991736098542,0.002081743996743994,0.000802275,0.000254026314352787,0.000813457,4.69e-05,0.0005876709383313185,0.001042429816377172
635,0.0027266561690476197,0.0017011929503914242,0.0019953581603581612,0.000802275,0.000254026314352787,0.000813457,4.69e-05,0.0005743751704957682,0.0010649583517587948
636,0.0027564916452380954,0.0017401867262631411,0.001904085505258345,0.000802275,0.000254026314352787,0.000813457,4.69e-05,0.000561079402660218,0.0010877483015075385
637,0.0029044751357142854,0.001787863073199795,0.001809776828110159,0.000802275,0.000254026314352787,0.000813457,4.69e-05,0.0005477812384987896,0.001110538251256282
638,0.0030536520404761884,0.0018492946080398362,0.0017013960113960078,0.000802275,0.000254026314352787,0.000813457,4.69e-05,0.0005344694951573852,0.0011333282010050256
639,0.003202828945238092,0.0019218049827565713,0.0015969167296548223,0.000802275,0.000254026314352787,0.000813457,4.69e-05,0.000521157751815981,0.0012006177894736854
640,0.003352005849999995,0.0019941908715,0.0014970175107079874,0.000802275,0.000254026314352787,0.000813457,4.69e-05,0.0005078460084745766,0.0012688155338345876
641,0.0036172594212121136,0.002061037342480082,0.0013710775736366257,0.000802275,0.000254026314352787,0.000813457,4.69e-05,0.0004945342651331722,0.0013370132781954896
642,0.003913368815151512,0.002133360994986858,0.0012635380116959051,0.000802275,0.000254026314352787,0.000813457,4.69e-05,0.0004812225217917678,0.0014052110225563916
643,0.00420947820909091,0.002205933610440246,0.0011632388510959958,0.000802275,0.000254026314352787,0.000813457,4.69e-05,0.0004679107784503634,0.0015634290451127832
644,0.0045794554000000084,0.00227813278147372,0.001061198034769467,0.000802275,0.000254026314352787,0.000813457,4.69e-05,0.000454599035108959,0.0017225563634085221
645,0.005026315400000017,0.002356120328967154,0.0009598513645224207,0.000802275,0.000254026314352787,0.000813457,4.69e-05,0.0004412872917675547,0.001881683681704261
646,0.005508411560869597,0.0024288796650000005,0.0008591816367265485,0.000802275,0.000254026314352787,0.000813457,4.69e-05,0.00042706408996088667,0.002040811
647,0.006140725039130447,0.0025008921185027642,0.0007627079174983359,0.000802275,0.000254026314352787,0.000813457,4.69e-05,0.0004127282359843547,0.002260575757709253
648,0.0067730385173912985,0.0025737759365253086,0.00068076923076923,0.000802275,0.000254026314352787,0.000813457,4.69e-05,0.00039839238200782264,0.0024803405154185058
649,0.007636793956249977,0.0026305394219869292,0.0006258241758241766,0.000802275,0.000254026314352787,0.000813457,4.682302631578954e-05,0.00038405652803129065,0.002750469831460674
650,0.008542622207142829,0.00267012448374274,0.0005729553317053322,0.000802275,0.000254026314352787,0.000813457,4.2974342105263184e-05,0.00036972067405475866,0.0030392271348314527
651,0.009481422921428556,0.0026912551887554636,0.0005219276556776547,0.000802275,0.000254026314352787,0.000813457,3.912565789473682e-05,0.0003553848200782266,0.0033410616033519285
652,0.010537967382352964,0.002696825726887137,0.0004626946472019446,0.000802275,0.000254026314352787,0.000813457,3.527697368421046e-05,0.0003410489661016946,0.0038477716592178603
653,0.011641120755000069,0.0027,0.0004107163207163201,0.000802275,0.000254026314352787,0.000813457,3.52e-05,0.000329867,0.004405293653225792
654,0.012880935255000068,0.002697634855349516,0.0003793264143264143,0.000802275,0.000254026314352787,0.000813457,3.52e-05,0.000329867,0.005093947077253206
655,0.01412679002307698,0.002692064317217843,0.0003462726382770439,0.000802275,0.000254026314352787,0.000813457,3.52e-05,0.000329867,0.005580549652360518
656,0.015398395407692299,0.0026795850636446763,0.00031168298254201365,0.000802275,0.000254026314352787,0.000813457,3.52e-05,0.000329867,0.0060671522274678286
657,0.01652819063124997,0.0026436722008949523,0.0002794765269655622,0.000802275,0.000254026314352787,0.000813457,3.52e-05,0.000329867,0.006883326999999976
658,0.01761554988181817,0.002570041498010785,0.000254419671864847,0.000802275,0.000254026314352787,0.000813457,3.52e-05,0.000329867,0.007845796
659,0.018602276113333375,0.0024786099564998955,0.00022936281676413177,0.000802275,0.000254026314352787,0.000813457,3.52e-05,0.00032505254237288217,0.008381183499999981
660,0.019419971446666708,0.00239626555403873,0.00021432403673835094,0.000802275,0.000254026314352787,0.000813457,3.52e-05,0.0003095220338983057,0.009181133199999959
661,0.019997693174999998,0.0023071369260319542,0.00019959509408602142,0.000802275,0.000254026314352787,0.000813457,3.52e-05,0.00029399152542372933,0.01009551366292133
662,0.020262117647058823,0.0022010788365377613,0.0001848661514336919,0.000802275,0.000254026314352787,0.000813457,3.9073913043478283e-05,0.0002784610169491529,0.010961263299999989
663,0.02028564705882353,0.002071556014962789,0.00017013720878136237,0.000802275,0.000254026314352787,0.000813457,4.2986956521739146e-05,0.00026293050847457644,0.011420890573033696
664,0.0202389118625,0.00195311202991452,0.00015544554455445598,0.000802275,0.000254026314352787,0.000813457,4.69e-05,0.0002474,0.011699631595505614
665,0.019928250622222202,0.0018376556038191552,0.00014444444444444465,0.000802275,0.000254026314352787,0.000813457,4.3e-05,0.00023186949152542355,0.01179136
666,0.019366450675,0.00169917012537137,0.00013344334433443335,0.000802275,0.000254026314352787,0.000813457,3.91e-05,0.000219911,0.011725890887218038
667,0.01844543209999996,0.001547738586325521,0.00012244224422442202,0.000802275,0.000254026314352787,0.000813457,3.52e-05,0.000219911,0.011521299909774433
668,0.01729111844705876,0.00142904564378064,0.00011536006255775903,0.000802275,0.000254026314352787,0.000813457,3.52e-05,0.000219911,0.011082217272727278
669,0.01596432079999997,0.0013252282204527345,0.00010835785881851123,0.000802275,0.000254026314352787,0.000813457,3.52e-05,0.000219911,0.010580603090909099
670,0.01435941422516554,0.0012360995879709534,0.00010135565507926343,0.000802275,0.000254026314352787,0.000813457,3.52e-05,0.000219911,0.010001729384615365
671,0.01246504733774831,0.0011286099645542824,9.435345134001562e-05,0.000802275,0.000254026314352787,0.000813457,3.52e-05,0.000219911,0.009125980942857175
672,0.010629803167785213,0.0010036307107388477,8.735124760076782e-05,0.000802275,0.000254026314352787,0.000813457,3.52e-05,0.000219911,0.008426279800000032
673,0.008855769099999994,0.0009200726122340523,8.210541310541312e-05,0.000802275,0.000254026314352787,0.000813457,3.52e-05,0.00021791503753026663,0.007676843809160333
674,0.0071441876714285835,0.0008434854714213024,7.738420838420837e-05,0.000802275,0.000254026314352787,0.000813457,3.52e-05,0.0002046086210653756,0.006811359839694649
675,0.005588639218750025,0.0007822095385478921,7.266300366300362e-05,0.000802275,0.000254026314352787,0.000813457,3.52e-05,0.00019130220460048452,0.00611723353435117
676,0.004277142343750044,0.0007209336056744819,6.794179894179887e-05,0.000802275,0.000254026314352787,0.000813457,3.52e-05,0.00017799578813559348,0.005151284287356381
677,0.0033797861812499934,0.0006596576728010717,6.363310416204624e-05,0.000802275,0.000254026314352787,0.000813457,3.52e-05,0.00016468937167070242,0.004564611900000016
678,0.002675723170588218,0.0006021576740520973,6.078694462925994e-05,0.000802275,0.000254026314352787,0.000813457,3.52e-05,0.00015138295520581135,0.004092978714285722
679,0.0023263766999999922,0.000553879667960927,5.794078509647365e-05,0.000802275,0.000254026314352787,0.000813457,3.52e-05,0.0001380765387409203,0.003213150142857144
680,0.001977030229411766,0.0005056016618697566,5.5094625563687356e-05,0.000802275,0.000254026314352787,0.000813457,3.52e-05,0.00012477012227602927,0.0026066742500000144
681,0.0016276837588235402,0.0004595601694292295,5.224846603090107e-05,0.000802275,0.000254026314352787,0.000813457,3.52e-05,0.0001114637058111382,0.002181691570422547
682,0.0014269502404761943,0.00041945228513347847,4.970115324905739e-05,0.000802275,0.000254026314352787,0.000813457,3.52e-05,0.00011,0.0018753415722891605
683,0.001265721430952382,0.00037934440083772737,4.8278073482664256e-05,0.000802275,0.000254026314352787,0.000813457,3.52e-05,0.00011,0.001453398801204815
684,0.00110449262142857,0.0003392365165419763,4.6854993716271117e-05,0.000802275,0.000254026314352787,0.000813457,3.52e-05,0.00011,0.0011220983617021244
685,0.0009432638119047578,0.0002991286322462252,4.5431913949877984e-05,0.000802275,0.000254026314352787,0.000813457,3.52e-05,0.00011,0.0009591336808510622
686,0.0008261724034482737,0.0002634024912091983,4.4008834183484844e-05,0.000802275,0.000254026314352787,0.000813457,3.52e-05,0.00011,0.000796169
687,0.000739752748275861,0.00024112033197000367,4.262950450450448e-05,0.000802275,0.000254026314352787,0.000813457,3.52e-05,0.00011,0.0006298316213592189
688,0.0006533330931034482,0.00021883817273080905,4.142517517517515e-05,0.000802275,0.000254026314352787,0.000813457,3.52e-05,0.00011,0.0004634942427184378
689,0.0005669134379310355,0.00019655601349161442,4.022084584584583e-05,0.000802275,0.000254026314352787,0.000813457,3.52e-05,0.00011,0.00037307944150943205
690,0.00048049378275862264,0.000176265556251452,3.90165165165165e-05,0.000802275,0.000254026314352787,0.000813457,3.52e-05,0.00011,0.000287510762264152
691,0.00039407412758620983,0.0001628962629454356,3.7812187187187174e-05,0.000802275,0.000254026314352787,0.000813457,3.52e-05,0.00011,0.00020890336651583873
692,0.00034236880847457766,0.0001495269696394192,3.660785785785785e-05,0.000802275,0.000254026314352787,0.000813457,3.52e-05,0.00011,0.0001473391131221714
693,0.0002998913508474589,0.00013615767633340278,3.534148148148148e-05,0.000802275,0.000254026314352787,0.000813457,3.52e-05,0.00011,8.99558521560571e-05
694,0.0002574138932203401,0.00012278838302738637,3.391555555555556e-05,0.000802275,0.000254026314352787,0.000813457,3.52e-05,0.00011,8.065400410677581e-05
695,0.00021493643559322126,0.00011094398547001814,3.248962962962964e-05,0.000802275,0.000254026314352787,0.000813457,3.52e-05,0.00011,7.13521560574945e-05
696,0.00017245897796610245,0.00010537344575435126,3.106370370370372e-05,0.000802275,0.000254026314352787,0.000813457,3.52e-05,0.00011,6.205030800821319e-05
697,0.00012998152033898364,9.980290603868438e-05,2.9637777777777802e-05,0.000802275,0.000254026314352787,0.000813457,3.52e-05,0.00011,5.2748459958931894e-05
698,0.00011571705820895526,9.423236632301751e-05,2.811788617886183e-05,0.000802275,0.000254026314352787,0.000813457,2.346666666666667e-05,0.00011,4.450225988700549e-05
699,0.00010493959552238799,8.866182660735063e-05,2.635636856368569e-05,0.000802275,0.000254026314352787,0.000813457,1.1733333333333335e-05,0.00011,4.022730696798478e-05
700,9.416213283582072e-05,8.309128689168374e-05,2.4594850948509555e-05,0.000802275,0.000254026314352787,0.000813457,0.0,0.00011,3.595235404896407e-05
701,8.338467014925345e-05,7.790752846865227e-05,2.283333333333342e-05,0.000802275,0.000254026314352787,0.000813457,0.0,0.00011,3.167740112994335e-05
702,7.260720746268617e-05,7.472436254341028e-05,2.13888888888889e-05,0.000802275,0.000254026314352787,0.000813457,0.0,0.00011,2.7402448210922637e-05
703,6.18297447761189e-05,7.154119661816828e-05,2.13888888888889e-05,0.000802275,0.000254026314352787,0.000813457,0.0,0.00011,2.3127495291901924e-05
704,5.2728028169013984e-05,6.835803069292628e-05,2.13888888888889e-05,0.000802275,0.000254026314352787,0.000813457,0.0,0.00011,1.885254237288121e-05
705,5.0770281690140747e-05,6.517486476768428e-05,2.13888888888889e-05,0.000802275,0.000254026314352787,0.000813457,0.0,0.00011,1.4577589453860498e-05
706,4.8812535211267516e-05,6.19916988424423e-05,2.13888888888889e-05,0.000802275,0.000254026314352787,0.000813457,0.0,0.00011,1.0302636534839782e-05
707,4.685478873239428e-05,5.88085329172003e-05,2.13888888888889e-05,0.000802275,0.000254026314352787,0.000813457,0.0,0.00011,6.027683615819065e-06
708,4.489704225352105e-05,5.5820980571771605e-05,2.13888888888889e-05,0.000802275,0.000254026314352787,0.000813457,0.0,0.00011,1.7527306967983554e-06
709,4.293929577464781e-05,5.42293982258257e-05,2.13888888888889e-05,0.000802275,0.000254026314352787,0.000813457,0.0,0.00011,0.0
710,4.098154929577458e-05,5.263781587987979e-05,2.13888888888889e-05,0.000802275,0.000254026314352787,0.000813457,0.0,0.00011,0.0
711,3.9023802816901345e-05,5.104623353393388e-05,2.13888888888889e-05,0.000802275,0.000254026314352787,0.000813457,0.0,0.00011,0.0
712,3.7066056338028115e-05,4.945465118798798e-05,2.13888888888889e-05,0.000802275,0.000254026314352787,0.000813457,0.0,0.00011,0.0
713,3.5108309859154885e-05,4.786306884204207e-05,2.13888888888889e-05,0.000802275,0.000254026314352787,0.000813457,0.0,0.00011,0.0
714,3.315056338028165e-05,4.6271486496096166e-05,2.13888888888889e-05,0.000802275,0.000254026314352787,0.000813457,0.0,0.00011,0.0
715,3.119281690140841e-05,4.4813277e-05,2.13888888888889e-05,0.000802275,0.000254026314352787,0.000813457,0.0,0.00011,0.0
716,2.923507042253518e-05,4.4813277e-05,2.13888888888889e-05,0.000802275,0.000254026314352787,0.000813457,0.0,0.00011,0.0
717,2.7277323943661948e-05,4.4813277e-05,2.13888888888889e-05,0.000802275,0.000254026314352787,0.000813457,0.0,0.00011,0.0
718,2.5319577464788714e-05,4.4813277e-05,2.13888888888889e-05,0.000802275,0.000254026314352787,0.000813457,0.0,0.00011,0.0
719,2.53e-05,4.4813277e-05,2.13888888888889e-05,0.000802275,0.000254026314352787,0.000813457,0.0,0.00011,0.0
